,timestamp,seq_num,digital_0,digital_1,digital_2,digital_3,ecg,eda,acc
0,0.5278701782226562,0.0,1.0,1.0,0.0,0.0,518.0,0.0,621.0
1,0.5278701782226562,1.0,1.0,1.0,0.0,0.0,520.0,0.0,619.0
2,0.5278701782226562,2.0,1.0,1.0,0.0,0.0,523.0,0.0,620.0
3,0.5278701782226562,3.0,1.0,1.0,0.0,0.0,523.0,0.0,619.0
4,0.5278701782226562,4.0,1.0,1.0,0.0,0.0,519.0,0.0,616.0
5,0.5278701782226562,5.0,1.0,1.0,0.0,0.0,514.0,0.0,620.0
6,0.5278701782226562,6.0,1.0,1.0,0.0,0.0,509.0,0.0,620.0
7,0.5278701782226562,7.0,1.0,1.0,0.0,0.0,503.0,0.0,618.0
8,0.5278701782226562,8.0,1.0,1.0,0.0,0.0,500.0,0.0,622.0
9,0.5278701782226562,9.0,1.0,1.0,0.0,0.0,498.0,0.0,620.0
10,0.5278701782226562,10.0,1.0,1.0,0.0,0.0,499.0,0.0,619.0
11,0.5278701782226562,11.0,1.0,1.0,0.0,0.0,501.0,0.0,619.0
12,0.5278701782226562,12.0,1.0,1.0,0.0,0.0,501.0,0.0,614.0
13,0.5278701782226562,13.0,1.0,1.0,0.0,0.0,502.0,0.0,616.0
14,0.5278701782226562,14.0,1.0,1.0,0.0,0.0,500.0,0.0,616.0
15,0.5278701782226562,15.0,1.0,1.0,0.0,0.0,504.0,0.0,614.0
16,0.5278701782226562,0.0,1.0,1.0,0.0,0.0,507.0,0.0,617.0
17,0.5278701782226562,1.0,1.0,1.0,0.0,0.0,510.0,0.0,612.0
18,0.5278701782226562,2.0,1.0,1.0,0.0,0.0,512.0,0.0,609.0
19,0.5278701782226562,3.0,1.0,1.0,0.0,0.0,513.0,0.0,609.0
20,0.5278701782226562,4.0,1.0,1.0,0.0,0.0,516.0,0.0,604.0
21,0.5278701782226562,5.0,1.0,1.0,0.0,0.0,520.0,0.0,607.0
22,0.5278701782226562,6.0,1.0,1.0,0.0,0.0,523.0,0.0,605.0
23,0.5278701782226562,7.0,1.0,1.0,0.0,0.0,522.0,0.0,604.0
24,0.5278701782226562,8.0,1.0,1.0,0.0,0.0,517.0,0.0,606.0
25,0.5278701782226562,9.0,1.0,1.0,0.0,0.0,511.0,0.0,603.0
26,0.5278701782226562,10.0,1.0,1.0,0.0,0.0,508.0,0.0,603.0
27,0.5278701782226562,11.0,1.0,1.0,0.0,0.0,504.0,0.0,601.0
28,0.5278701782226562,12.0,1.0,1.0,0.0,0.0,502.0,0.0,596.0
29,0.5278701782226562,13.0,1.0,1.0,0.0,0.0,499.0,0.0,602.0
30,0.5278701782226562,14.0,1.0,1.0,0.0,0.0,496.0,0.0,601.0
31,0.5278701782226562,15.0,1.0,1.0,0.0,0.0,498.0,0.0,599.0
32,0.5278701782226562,0.0,1.0,1.0,0.0,0.0,498.0,0.0,604.0
33,0.5278701782226562,1.0,1.0,1.0,0.0,0.0,499.0,0.0,601.0
34,0.5278701782226562,2.0,1.0,1.0,0.0,0.0,501.0,0.0,604.0
35,0.5278701782226562,3.0,1.0,1.0,0.0,0.0,505.0,0.0,604.0
36,0.5278701782226562,4.0,1.0,1.0,0.0,0.0,507.0,0.0,602.0
37,0.5278701782226562,5.0,1.0,1.0,0.0,0.0,509.0,0.0,606.0
38,0.5278701782226562,6.0,1.0,1.0,0.0,0.0,512.0,0.0,607.0
39,0.5278701782226562,7.0,1.0,1.0,0.0,0.0,515.0,0.0,609.0
40,0.5278701782226562,8.0,1.0,1.0,0.0,0.0,514.0,0.0,613.0
41,0.5278701782226562,9.0,1.0,1.0,0.0,0.0,515.0,0.0,612.0
42,0.5278701782226562,10.0,1.0,1.0,0.0,0.0,516.0,0.0,612.0
43,0.5278701782226562,11.0,1.0,1.0,0.0,0.0,516.0,0.0,616.0
44,0.5278701782226562,12.0,1.0,1.0,0.0,0.0,511.0,0.0,610.0
45,0.5278701782226562,13.0,1.0,1.0,0.0,0.0,505.0,0.0,615.0
46,0.5278701782226562,14.0,1.0,1.0,0.0,0.0,503.0,0.0,616.0
47,0.5278701782226562,15.0,1.0,1.0,0.0,0.0,496.0,0.0,616.0
48,0.5278701782226562,0.0,1.0,1.0,0.0,0.0,495.0,0.0,618.0
49,0.5278701782226562,1.0,1.0,1.0,0.0,0.0,495.0,0.0,616.0
50,0.5278701782226562,2.0,1.0,1.0,0.0,0.0,493.0,0.0,615.0
51,0.5278701782226562,3.0,1.0,1.0,0.0,0.0,495.0,0.0,615.0
52,0.5278701782226562,4.0,1.0,1.0,0.0,0.0,495.0,0.0,611.0
53,0.5278701782226562,5.0,1.0,1.0,0.0,0.0,497.0,0.0,614.0
54,0.5278701782226562,6.0,1.0,1.0,0.0,0.0,499.0,0.0,614.0
55,0.5278701782226562,7.0,1.0,1.0,0.0,0.0,503.0,0.0,614.0
56,0.5278701782226562,8.0,1.0,1.0,0.0,0.0,505.0,0.0,617.0
57,0.5278701782226562,9.0,1.0,1.0,0.0,0.0,508.0,0.0,615.0
58,0.5278701782226562,10.0,1.0,1.0,0.0,0.0,508.0,0.0,615.0
59,0.5278701782226562,11.0,1.0,1.0,0.0,0.0,511.0,0.0,619.0
60,0.5278701782226562,12.0,1.0,1.0,0.0,0.0,515.0,0.0,612.0
61,0.5278701782226562,13.0,1.0,1.0,0.0,0.0,518.0,0.0,617.0
62,0.5278701782226562,14.0,1.0,1.0,0.0,0.0,520.0,0.0,618.0
63,0.5278701782226562,15.0,1.0,1.0,0.0,0.0,519.0,0.0,617.0
64,0.5278701782226562,0.0,1.0,1.0,0.0,0.0,514.0,0.0,622.0
65,0.5278701782226562,1.0,1.0,1.0,0.0,0.0,511.0,0.0,619.0
66,0.5278701782226562,2.0,1.0,1.0,0.0,0.0,507.0,0.0,620.0
67,0.5278701782226562,3.0,1.0,1.0,0.0,0.0,502.0,0.0,620.0
68,0.5278701782226562,4.0,1.0,1.0,0.0,0.0,499.0,0.0,616.0
69,0.5278701782226562,5.0,1.0,1.0,0.0,0.0,496.0,0.0,621.0
70,0.5278701782226562,6.0,1.0,1.0,0.0,0.0,492.0,0.0,621.0
71,0.5278701782226562,7.0,1.0,1.0,0.0,0.0,495.0,0.0,622.0
72,0.5278701782226562,8.0,1.0,1.0,0.0,0.0,495.0,0.0,624.0
73,0.5278701782226562,9.0,1.0,1.0,0.0,0.0,496.0,0.0,621.0
74,0.5278701782226562,10.0,1.0,1.0,0.0,0.0,499.0,0.0,623.0
75,0.5278701782226562,11.0,1.0,1.0,0.0,0.0,503.0,0.0,621.0
76,0.5278701782226562,12.0,1.0,1.0,0.0,0.0,507.0,0.0,618.0
77,0.5278701782226562,13.0,1.0,1.0,0.0,0.0,510.0,0.0,622.0
78,0.5278701782226562,14.0,1.0,1.0,0.0,0.0,512.0,0.0,620.0
79,0.5278701782226562,15.0,1.0,1.0,0.0,0.0,517.0,0.0,621.0
80,0.5278701782226562,0.0,1.0,1.0,0.0,0.0,520.0,0.0,623.0
81,0.5278701782226562,1.0,1.0,1.0,0.0,0.0,523.0,0.0,620.0
82,0.5278701782226562,2.0,1.0,1.0,0.0,0.0,525.0,0.0,619.0
83,0.5278701782226562,3.0,1.0,1.0,0.0,0.0,523.0,0.0,621.0
84,0.5278701782226562,4.0,1.0,1.0,0.0,0.0,519.0,0.0,615.0
85,0.5278701782226562,5.0,1.0,1.0,0.0,0.0,515.0,0.0,617.0
86,0.5278701782226562,6.0,1.0,1.0,0.0,0.0,509.0,0.0,616.0
87,0.5278701782226562,7.0,1.0,1.0,0.0,0.0,502.0,0.0,614.0
88,0.5278701782226562,8.0,1.0,1.0,0.0,0.0,497.0,0.0,617.0
89,0.5278701782226562,9.0,1.0,1.0,0.0,0.0,495.0,0.0,614.0
90,0.5278701782226562,10.0,1.0,1.0,0.0,0.0,495.0,0.0,612.0
91,0.5278701782226562,11.0,1.0,1.0,0.0,0.0,497.0,0.0,612.0
92,0.5278701782226562,12.0,1.0,1.0,0.0,0.0,496.0,0.0,608.0
93,0.5278701782226562,13.0,1.0,1.0,0.0,0.0,498.0,0.0,612.0
94,0.5278701782226562,14.0,1.0,1.0,0.0,0.0,500.0,0.0,612.0
95,0.5278701782226562,15.0,1.0,1.0,0.0,0.0,504.0,0.0,612.0
96,0.5278701782226562,0.0,1.0,1.0,0.0,0.0,508.0,0.0,616.0
97,0.5278701782226562,1.0,1.0,1.0,0.0,0.0,508.0,0.0,613.0
98,0.5278701782226562,2.0,1.0,1.0,0.0,0.0,509.0,0.0,612.0
99,0.5278701782226562,3.0,1.0,1.0,0.0,0.0,512.0,0.0,614.0
100,1.0520689487457275,4.0,1.0,1.0,0.0,0.0,516.0,0.0,610.0
101,1.0520689487457275,5.0,1.0,1.0,0.0,0.0,518.0,0.0,615.0
102,1.0520689487457275,6.0,1.0,1.0,0.0,0.0,521.0,0.0,615.0
103,1.0520689487457275,7.0,1.0,1.0,0.0,0.0,523.0,0.0,615.0
104,1.0520689487457275,8.0,1.0,1.0,0.0,0.0,519.0,0.0,619.0
105,1.0520689487457275,9.0,1.0,1.0,0.0,0.0,514.0,0.0,615.0
106,1.0520689487457275,10.0,1.0,1.0,0.0,0.0,511.0,0.0,616.0
107,1.0520689487457275,11.0,1.0,1.0,0.0,0.0,504.0,0.0,616.0
108,1.0520689487457275,12.0,1.0,1.0,0.0,0.0,499.0,0.0,611.0
109,1.0520689487457275,13.0,1.0,1.0,0.0,0.0,494.0,0.0,615.0
110,1.0520689487457275,14.0,1.0,1.0,0.0,0.0,492.0,0.0,615.0
111,1.0520689487457275,15.0,1.0,1.0,0.0,0.0,493.0,0.0,614.0
112,1.0520689487457275,0.0,1.0,1.0,0.0,0.0,492.0,0.0,617.0
113,1.0520689487457275,1.0,1.0,1.0,0.0,0.0,494.0,0.0,613.0
114,1.0520689487457275,2.0,1.0,1.0,0.0,0.0,496.0,0.0,614.0
115,1.0520689487457275,3.0,1.0,1.0,0.0,0.0,500.0,0.0,614.0
116,1.0520689487457275,4.0,1.0,1.0,0.0,0.0,502.0,0.0,609.0
117,1.0520689487457275,5.0,1.0,1.0,0.0,0.0,507.0,0.0,613.0
118,1.0520689487457275,6.0,1.0,1.0,0.0,0.0,508.0,0.0,612.0
119,1.0520689487457275,7.0,1.0,1.0,0.0,0.0,510.0,0.0,612.0
120,1.0520689487457275,8.0,1.0,1.0,0.0,0.0,513.0,0.0,615.0
121,1.0520689487457275,9.0,1.0,1.0,0.0,0.0,516.0,0.0,613.0
122,1.0520689487457275,10.0,1.0,1.0,0.0,0.0,519.0,0.0,612.0
123,1.0520689487457275,11.0,1.0,1.0,0.0,0.0,521.0,0.0,615.0
124,1.0520689487457275,12.0,1.0,1.0,0.0,0.0,517.0,0.0,609.0
125,1.0520689487457275,13.0,1.0,1.0,0.0,0.0,514.0,0.0,613.0
126,1.0520689487457275,14.0,1.0,1.0,0.0,0.0,510.0,0.0,613.0
127,1.0520689487457275,15.0,1.0,1.0,0.0,0.0,502.0,0.0,612.0
128,1.0520689487457275,0.0,1.0,1.0,0.0,0.0,499.0,0.0,615.0
129,1.0520689487457275,1.0,1.0,1.0,0.0,0.0,497.0,0.0,614.0
130,1.0520689487457275,2.0,1.0,1.0,0.0,0.0,493.0,0.0,614.0
131,1.0520689487457275,3.0,1.0,1.0,0.0,0.0,495.0,0.0,613.0
132,1.0520689487457275,4.0,1.0,1.0,0.0,0.0,497.0,0.0,609.0
133,1.0520689487457275,5.0,1.0,1.0,0.0,0.0,499.0,0.0,614.0
134,1.0520689487457275,6.0,1.0,1.0,0.0,0.0,502.0,0.0,613.0
135,1.0520689487457275,7.0,1.0,1.0,0.0,0.0,504.0,0.0,613.0
136,1.0520689487457275,8.0,1.0,1.0,0.0,0.0,506.0,0.0,615.0
137,1.0520689487457275,9.0,1.0,1.0,0.0,0.0,507.0,0.0,612.0
138,1.0520689487457275,10.0,1.0,1.0,0.0,0.0,508.0,0.0,611.0
139,1.0520689487457275,11.0,1.0,1.0,0.0,0.0,509.0,0.0,611.0
140,1.0520689487457275,12.0,1.0,1.0,0.0,0.0,512.0,0.0,607.0
141,1.0520689487457275,13.0,1.0,1.0,0.0,0.0,517.0,0.0,611.0
142,1.0520689487457275,14.0,1.0,1.0,0.0,0.0,519.0,0.0,611.0
143,1.0520689487457275,15.0,1.0,1.0,0.0,0.0,518.0,0.0,610.0
144,1.0520689487457275,0.0,1.0,1.0,0.0,0.0,515.0,0.0,614.0
145,1.0520689487457275,1.0,1.0,1.0,0.0,0.0,512.0,0.0,611.0
146,1.0520689487457275,2.0,1.0,1.0,0.0,0.0,508.0,0.0,611.0
147,1.0520689487457275,3.0,1.0,1.0,0.0,0.0,503.0,0.0,610.0
148,1.0520689487457275,4.0,1.0,1.0,0.0,0.0,501.0,0.0,606.0
149,1.0520689487457275,5.0,1.0,1.0,0.0,0.0,497.0,0.0,611.0
150,1.0520689487457275,6.0,1.0,1.0,0.0,0.0,494.0,0.0,609.0
151,1.0520689487457275,7.0,1.0,1.0,0.0,0.0,496.0,0.0,610.0
152,1.0520689487457275,8.0,1.0,1.0,0.0,0.0,497.0,0.0,615.0
153,1.0520689487457275,9.0,1.0,1.0,0.0,0.0,498.0,0.0,609.0
154,1.0520689487457275,10.0,1.0,1.0,0.0,0.0,501.0,0.0,613.0
155,1.0520689487457275,11.0,1.0,1.0,0.0,0.0,506.0,0.0,611.0
156,1.0520689487457275,12.0,1.0,1.0,0.0,0.0,509.0,0.0,607.0
157,1.0520689487457275,13.0,1.0,1.0,0.0,0.0,512.0,0.0,615.0
158,1.0520689487457275,14.0,1.0,1.0,0.0,0.0,514.0,0.0,611.0
159,1.0520689487457275,15.0,1.0,1.0,0.0,0.0,515.0,0.0,614.0
160,1.0520689487457275,0.0,1.0,1.0,0.0,0.0,519.0,0.0,618.0
161,1.0520689487457275,1.0,1.0,1.0,0.0,0.0,523.0,0.0,616.0
162,1.0520689487457275,2.0,1.0,1.0,0.0,0.0,524.0,0.0,615.0
163,1.0520689487457275,3.0,1.0,1.0,0.0,0.0,524.0,0.0,614.0
164,1.0520689487457275,4.0,1.0,1.0,0.0,0.0,519.0,0.0,612.0
165,1.0520689487457275,5.0,1.0,1.0,0.0,0.0,515.0,0.0,616.0
166,1.0520689487457275,6.0,1.0,1.0,0.0,0.0,509.0,0.0,615.0
167,1.0520689487457275,7.0,1.0,1.0,0.0,0.0,503.0,0.0,612.0
168,1.0520689487457275,8.0,1.0,1.0,0.0,0.0,500.0,0.0,616.0
169,1.0520689487457275,9.0,1.0,1.0,0.0,0.0,500.0,0.0,617.0
170,1.0520689487457275,10.0,1.0,1.0,0.0,0.0,497.0,0.0,618.0
171,1.0520689487457275,11.0,1.0,1.0,0.0,0.0,499.0,0.0,618.0
172,1.0520689487457275,12.0,1.0,1.0,0.0,0.0,499.0,0.0,612.0
173,1.0520689487457275,13.0,1.0,1.0,0.0,0.0,500.0,0.0,615.0
174,1.0520689487457275,14.0,1.0,1.0,0.0,0.0,504.0,0.0,617.0
175,1.0520689487457275,15.0,1.0,1.0,0.0,0.0,504.0,0.0,613.0
176,1.0520689487457275,0.0,1.0,1.0,0.0,0.0,505.0,0.0,618.0
177,1.0520689487457275,1.0,1.0,1.0,0.0,0.0,507.0,0.0,615.0
178,1.0520689487457275,2.0,1.0,1.0,0.0,0.0,511.0,0.0,614.0
179,1.0520689487457275,3.0,1.0,1.0,0.0,0.0,514.0,0.0,615.0
180,1.0520689487457275,4.0,1.0,1.0,0.0,0.0,516.0,0.0,611.0
181,1.0520689487457275,5.0,1.0,1.0,0.0,0.0,518.0,0.0,615.0
182,1.0520689487457275,6.0,1.0,1.0,0.0,0.0,521.0,0.0,614.0
183,1.0520689487457275,7.0,1.0,1.0,0.0,0.0,522.0,0.0,614.0
184,1.0520689487457275,8.0,1.0,1.0,0.0,0.0,519.0,0.0,617.0
185,1.0520689487457275,9.0,1.0,1.0,0.0,0.0,515.0,0.0,614.0
186,1.0520689487457275,10.0,1.0,1.0,0.0,0.0,513.0,0.0,614.0
187,1.0520689487457275,11.0,1.0,1.0,0.0,0.0,507.0,0.0,615.0
188,1.0520689487457275,12.0,1.0,1.0,0.0,0.0,503.0,0.0,608.0
189,1.0520689487457275,13.0,1.0,1.0,0.0,0.0,498.0,0.0,613.0
190,1.0520689487457275,14.0,1.0,1.0,0.0,0.0,492.0,0.0,613.0
191,1.0520689487457275,15.0,1.0,1.0,0.0,0.0,494.0,0.0,612.0
192,1.0520689487457275,0.0,1.0,1.0,0.0,0.0,494.0,0.0,615.0
193,1.0520689487457275,1.0,1.0,1.0,0.0,0.0,495.0,0.0,612.0
194,1.0520689487457275,2.0,1.0,1.0,0.0,0.0,498.0,0.0,613.0
195,1.0520689487457275,3.0,1.0,1.0,0.0,0.0,499.0,0.0,612.0
196,1.0520689487457275,4.0,1.0,1.0,0.0,0.0,501.0,0.0,608.0
197,1.0520689487457275,5.0,1.0,1.0,0.0,0.0,505.0,0.0,612.0
198,1.0520689487457275,6.0,1.0,1.0,0.0,0.0,508.0,0.0,611.0
199,1.0520689487457275,7.0,1.0,1.0,0.0,0.0,510.0,0.0,611.0
200,1.5770652294158936,8.0,1.0,1.0,0.0,0.0,514.0,0.0,615.0
201,1.5770652294158936,9.0,1.0,1.0,0.0,0.0,518.0,0.0,613.0
202,1.5770652294158936,10.0,1.0,1.0,0.0,0.0,522.0,0.0,614.0
203,1.5770652294158936,11.0,1.0,1.0,0.0,0.0,521.0,0.0,615.0
204,1.5770652294158936,12.0,1.0,1.0,0.0,0.0,518.0,0.0,611.0
205,1.5770652294158936,13.0,1.0,1.0,0.0,0.0,513.0,0.0,616.0
206,1.5770652294158936,14.0,1.0,1.0,0.0,0.0,509.0,0.0,616.0
207,1.5770652294158936,15.0,1.0,1.0,0.0,0.0,504.0,0.0,616.0
208,1.5770652294158936,0.0,1.0,1.0,0.0,0.0,502.0,0.0,620.0
209,1.5770652294158936,1.0,1.0,1.0,0.0,0.0,500.0,0.0,618.0
210,1.5770652294158936,2.0,1.0,1.0,0.0,0.0,496.0,0.0,620.0
211,1.5770652294158936,3.0,1.0,1.0,0.0,0.0,497.0,0.0,620.0
212,1.5770652294158936,4.0,1.0,1.0,0.0,0.0,497.0,0.0,616.0
213,1.5770652294158936,5.0,1.0,1.0,0.0,0.0,499.0,0.0,621.0
214,1.5770652294158936,6.0,1.0,1.0,0.0,0.0,498.0,0.0,622.0
215,1.5770652294158936,7.0,1.0,1.0,0.0,0.0,502.0,0.0,622.0
216,1.5770652294158936,8.0,1.0,1.0,0.0,0.0,505.0,0.0,626.0
217,1.5770652294158936,9.0,1.0,1.0,0.0,0.0,508.0,0.0,623.0
218,1.5770652294158936,10.0,1.0,1.0,0.0,0.0,509.0,0.0,623.0
219,1.5770652294158936,11.0,1.0,1.0,0.0,0.0,513.0,0.0,624.0
220,1.5770652294158936,12.0,1.0,1.0,0.0,0.0,516.0,0.0,619.0
221,1.5770652294158936,13.0,1.0,1.0,0.0,0.0,519.0,0.0,624.0
222,1.5770652294158936,14.0,1.0,1.0,0.0,0.0,523.0,0.0,624.0
223,1.5770652294158936,15.0,1.0,1.0,0.0,0.0,523.0,0.0,623.0
224,1.5770652294158936,0.0,1.0,1.0,0.0,0.0,520.0,0.0,627.0
225,1.5770652294158936,1.0,1.0,1.0,0.0,0.0,514.0,0.0,624.0
226,1.5770652294158936,2.0,1.0,1.0,0.0,0.0,511.0,0.0,624.0
227,1.5770652294158936,3.0,1.0,1.0,0.0,0.0,504.0,0.0,627.0
228,1.5770652294158936,4.0,1.0,1.0,0.0,0.0,499.0,0.0,618.0
229,1.5770652294158936,5.0,1.0,1.0,0.0,0.0,498.0,0.0,624.0
230,1.5770652294158936,6.0,1.0,1.0,0.0,0.0,497.0,0.0,624.0
231,1.5770652294158936,7.0,1.0,1.0,0.0,0.0,499.0,0.0,624.0
232,1.5770652294158936,8.0,1.0,1.0,0.0,0.0,496.0,0.0,626.0
233,1.5770652294158936,9.0,1.0,1.0,0.0,0.0,495.0,0.0,622.0
234,1.5770652294158936,10.0,1.0,1.0,0.0,0.0,497.0,0.0,623.0
235,1.5770652294158936,11.0,1.0,1.0,0.0,0.0,502.0,0.0,622.0
236,1.5770652294158936,12.0,1.0,1.0,0.0,0.0,504.0,0.0,618.0
237,1.5770652294158936,13.0,1.0,1.0,0.0,0.0,506.0,0.0,619.0
238,1.5770652294158936,14.0,1.0,1.0,0.0,0.0,508.0,0.0,616.0
239,1.5770652294158936,15.0,1.0,1.0,0.0,0.0,511.0,0.0,617.0
240,1.5770652294158936,0.0,1.0,1.0,0.0,0.0,514.0,0.0,625.0
241,1.5770652294158936,1.0,1.0,1.0,0.0,0.0,517.0,0.0,621.0
242,1.5770652294158936,2.0,1.0,1.0,0.0,0.0,521.0,0.0,623.0
243,1.5770652294158936,3.0,1.0,1.0,0.0,0.0,520.0,0.0,621.0
244,1.5770652294158936,4.0,1.0,1.0,0.0,0.0,517.0,0.0,617.0
245,1.5770652294158936,5.0,1.0,1.0,0.0,0.0,514.0,0.0,620.0
246,1.5770652294158936,6.0,1.0,1.0,0.0,0.0,511.0,0.0,616.0
247,1.5770652294158936,7.0,1.0,1.0,0.0,0.0,504.0,0.0,616.0
248,1.5770652294158936,8.0,1.0,1.0,0.0,0.0,499.0,0.0,627.0
249,1.5770652294158936,9.0,1.0,1.0,0.0,0.0,495.0,0.0,622.0
250,1.5770652294158936,10.0,1.0,1.0,0.0,0.0,494.0,0.0,617.0
251,1.5770652294158936,11.0,1.0,1.0,0.0,0.0,497.0,0.0,627.0
252,1.5770652294158936,12.0,1.0,1.0,0.0,0.0,500.0,0.0,620.0
253,1.5770652294158936,13.0,1.0,1.0,0.0,0.0,498.0,0.0,620.0
254,1.5770652294158936,14.0,1.0,1.0,0.0,0.0,498.0,0.0,621.0
255,1.5770652294158936,15.0,1.0,1.0,0.0,0.0,503.0,0.0,623.0
256,1.5770652294158936,0.0,1.0,1.0,0.0,0.0,505.0,0.0,625.0
257,1.5770652294158936,1.0,1.0,1.0,0.0,0.0,507.0,0.0,622.0
258,1.5770652294158936,2.0,1.0,1.0,0.0,0.0,511.0,0.0,624.0
259,1.5770652294158936,3.0,1.0,1.0,0.0,0.0,515.0,0.0,624.0
260,1.5770652294158936,4.0,1.0,1.0,0.0,0.0,518.0,0.0,619.0
261,1.5770652294158936,5.0,1.0,1.0,0.0,0.0,521.0,0.0,624.0
262,1.5770652294158936,6.0,1.0,1.0,0.0,0.0,524.0,0.0,622.0
263,1.5770652294158936,7.0,1.0,1.0,0.0,0.0,524.0,0.0,624.0
264,1.5770652294158936,8.0,1.0,1.0,0.0,0.0,521.0,0.0,624.0
265,1.5770652294158936,9.0,1.0,1.0,0.0,0.0,515.0,0.0,620.0
266,1.5770652294158936,10.0,1.0,1.0,0.0,0.0,512.0,0.0,622.0
267,1.5770652294158936,11.0,1.0,1.0,0.0,0.0,507.0,0.0,621.0
268,1.5770652294158936,12.0,1.0,1.0,0.0,0.0,504.0,0.0,617.0
269,1.5770652294158936,13.0,1.0,1.0,0.0,0.0,498.0,0.0,621.0
270,1.5770652294158936,14.0,1.0,1.0,0.0,0.0,495.0,0.0,620.0
271,1.5770652294158936,15.0,1.0,1.0,0.0,0.0,498.0,0.0,620.0
272,1.5770652294158936,0.0,1.0,1.0,0.0,0.0,497.0,0.0,622.0
273,1.5770652294158936,1.0,1.0,1.0,0.0,0.0,497.0,0.0,618.0
274,1.5770652294158936,2.0,1.0,1.0,0.0,0.0,498.0,0.0,618.0
275,1.5770652294158936,3.0,1.0,1.0,0.0,0.0,499.0,0.0,618.0
276,1.5770652294158936,4.0,1.0,1.0,0.0,0.0,502.0,0.0,614.0
277,1.5770652294158936,5.0,1.0,1.0,0.0,0.0,504.0,0.0,615.0
278,1.5770652294158936,6.0,1.0,1.0,0.0,0.0,507.0,0.0,616.0
279,1.5770652294158936,7.0,1.0,1.0,0.0,0.0,511.0,0.0,613.0
280,1.5770652294158936,8.0,1.0,1.0,0.0,0.0,513.0,0.0,617.0
281,1.5770652294158936,9.0,1.0,1.0,0.0,0.0,518.0,0.0,615.0
282,1.5770652294158936,10.0,1.0,1.0,0.0,0.0,522.0,0.0,613.0
283,1.5770652294158936,11.0,1.0,1.0,0.0,0.0,524.0,0.0,613.0
284,1.5770652294158936,12.0,1.0,1.0,0.0,0.0,518.0,0.0,609.0
285,1.5770652294158936,13.0,1.0,1.0,0.0,0.0,513.0,0.0,613.0
286,1.5770652294158936,14.0,1.0,1.0,0.0,0.0,510.0,0.0,612.0
287,1.5770652294158936,15.0,1.0,1.0,0.0,0.0,504.0,0.0,612.0
288,1.5770652294158936,0.0,1.0,1.0,0.0,0.0,499.0,0.0,614.0
289,1.5770652294158936,1.0,1.0,1.0,0.0,0.0,495.0,0.0,612.0
290,1.5770652294158936,2.0,1.0,1.0,0.0,0.0,491.0,0.0,611.0
291,1.5770652294158936,3.0,1.0,1.0,0.0,0.0,494.0,0.0,611.0
292,1.5770652294158936,4.0,1.0,1.0,0.0,0.0,495.0,0.0,606.0
293,1.5770652294158936,5.0,1.0,1.0,0.0,0.0,495.0,0.0,610.0
294,1.5770652294158936,6.0,1.0,1.0,0.0,0.0,498.0,0.0,611.0
295,1.5770652294158936,7.0,1.0,1.0,0.0,0.0,504.0,0.0,610.0
296,1.5770652294158936,8.0,1.0,1.0,0.0,0.0,508.0,0.0,615.0
297,1.5770652294158936,9.0,1.0,1.0,0.0,0.0,510.0,0.0,612.0
298,1.5770652294158936,10.0,1.0,1.0,0.0,0.0,512.0,0.0,611.0
299,1.5770652294158936,11.0,1.0,1.0,0.0,0.0,513.0,0.0,611.0
300,2.1207358837127686,12.0,1.0,1.0,0.0,0.0,515.0,0.0,608.0
301,2.1207358837127686,13.0,1.0,1.0,0.0,0.0,518.0,0.0,612.0
302,2.1207358837127686,14.0,1.0,1.0,0.0,0.0,522.0,0.0,612.0
303,2.1207358837127686,15.0,1.0,1.0,0.0,0.0,524.0,0.0,612.0
304,2.1207358837127686,0.0,1.0,1.0,0.0,0.0,519.0,0.0,616.0
305,2.1207358837127686,1.0,1.0,1.0,0.0,0.0,515.0,0.0,612.0
306,2.1207358837127686,2.0,1.0,1.0,0.0,0.0,512.0,0.0,613.0
307,2.1207358837127686,3.0,1.0,1.0,0.0,0.0,504.0,0.0,615.0
308,2.1207358837127686,4.0,1.0,1.0,0.0,0.0,499.0,0.0,608.0
309,2.1207358837127686,5.0,1.0,1.0,0.0,0.0,495.0,0.0,614.0
310,2.1207358837127686,6.0,1.0,1.0,0.0,0.0,491.0,0.0,614.0
311,2.1207358837127686,7.0,1.0,1.0,0.0,0.0,492.0,0.0,614.0
312,2.1207358837127686,8.0,1.0,1.0,0.0,0.0,493.0,0.0,617.0
313,2.1207358837127686,9.0,1.0,1.0,0.0,0.0,494.0,0.0,614.0
314,2.1207358837127686,10.0,1.0,1.0,0.0,0.0,497.0,0.0,615.0
315,2.1207358837127686,11.0,1.0,1.0,0.0,0.0,502.0,0.0,615.0
316,2.1207358837127686,12.0,1.0,1.0,0.0,0.0,504.0,0.0,611.0
317,2.1207358837127686,13.0,1.0,1.0,0.0,0.0,507.0,0.0,615.0
318,2.1207358837127686,14.0,1.0,1.0,0.0,0.0,508.0,0.0,616.0
319,2.1207358837127686,15.0,1.0,1.0,0.0,0.0,512.0,0.0,614.0
320,2.1207358837127686,0.0,1.0,1.0,0.0,0.0,515.0,0.0,619.0
321,2.1207358837127686,1.0,1.0,1.0,0.0,0.0,518.0,0.0,617.0
322,2.1207358837127686,2.0,1.0,1.0,0.0,0.0,520.0,0.0,616.0
323,2.1207358837127686,3.0,1.0,1.0,0.0,0.0,521.0,0.0,617.0
324,2.1207358837127686,4.0,1.0,1.0,0.0,0.0,518.0,0.0,613.0
325,2.1207358837127686,5.0,1.0,1.0,0.0,0.0,513.0,0.0,617.0
326,2.1207358837127686,6.0,1.0,1.0,0.0,0.0,512.0,0.0,618.0
327,2.1207358837127686,7.0,1.0,1.0,0.0,0.0,507.0,0.0,617.0
328,2.1207358837127686,8.0,1.0,1.0,0.0,0.0,502.0,0.0,621.0
329,2.1207358837127686,9.0,1.0,1.0,0.0,0.0,496.0,0.0,619.0
330,2.1207358837127686,10.0,1.0,1.0,0.0,0.0,491.0,0.0,619.0
331,2.1207358837127686,11.0,1.0,1.0,0.0,0.0,490.0,0.0,620.0
332,2.1207358837127686,12.0,1.0,1.0,0.0,0.0,492.0,0.0,615.0
333,2.1207358837127686,13.0,1.0,1.0,0.0,0.0,496.0,0.0,619.0
334,2.1207358837127686,14.0,1.0,1.0,0.0,0.0,497.0,0.0,620.0
335,2.1207358837127686,15.0,1.0,1.0,0.0,0.0,502.0,0.0,619.0
336,2.1207358837127686,0.0,1.0,1.0,0.0,0.0,504.0,0.0,623.0
337,2.1207358837127686,1.0,1.0,1.0,0.0,0.0,506.0,0.0,620.0
338,2.1207358837127686,2.0,1.0,1.0,0.0,0.0,508.0,0.0,619.0
339,2.1207358837127686,3.0,1.0,1.0,0.0,0.0,510.0,0.0,620.0
340,2.1207358837127686,4.0,1.0,1.0,0.0,0.0,512.0,0.0,616.0
341,2.1207358837127686,5.0,1.0,1.0,0.0,0.0,517.0,0.0,620.0
342,2.1207358837127686,6.0,1.0,1.0,0.0,0.0,519.0,0.0,620.0
343,2.1207358837127686,7.0,1.0,1.0,0.0,0.0,520.0,0.0,617.0
344,2.1207358837127686,8.0,1.0,1.0,0.0,0.0,518.0,0.0,623.0
345,2.1207358837127686,9.0,1.0,1.0,0.0,0.0,516.0,0.0,620.0
346,2.1207358837127686,10.0,1.0,1.0,0.0,0.0,514.0,0.0,620.0
347,2.1207358837127686,11.0,1.0,1.0,0.0,0.0,506.0,0.0,620.0
348,2.1207358837127686,12.0,1.0,1.0,0.0,0.0,501.0,0.0,616.0
349,2.1207358837127686,13.0,1.0,1.0,0.0,0.0,496.0,0.0,621.0
350,2.1207358837127686,14.0,1.0,1.0,0.0,0.0,494.0,0.0,621.0
351,2.1207358837127686,15.0,1.0,1.0,0.0,0.0,493.0,0.0,622.0
352,2.1207358837127686,0.0,1.0,1.0,0.0,0.0,496.0,0.0,624.0
353,2.1207358837127686,1.0,1.0,1.0,0.0,0.0,498.0,0.0,620.0
354,2.1207358837127686,2.0,1.0,1.0,0.0,0.0,499.0,0.0,621.0
355,2.1207358837127686,3.0,1.0,1.0,0.0,0.0,501.0,0.0,621.0
356,2.1207358837127686,4.0,1.0,1.0,0.0,0.0,504.0,0.0,617.0
357,2.1207358837127686,5.0,1.0,1.0,0.0,0.0,505.0,0.0,621.0
358,2.1207358837127686,6.0,1.0,1.0,0.0,0.0,508.0,0.0,620.0
359,2.1207358837127686,7.0,1.0,1.0,0.0,0.0,508.0,0.0,621.0
360,2.1207358837127686,8.0,1.0,1.0,0.0,0.0,511.0,0.0,623.0
361,2.1207358837127686,9.0,1.0,1.0,0.0,0.0,515.0,0.0,620.0
362,2.1207358837127686,10.0,1.0,1.0,0.0,0.0,519.0,0.0,622.0
363,2.1207358837127686,11.0,1.0,1.0,0.0,0.0,520.0,0.0,620.0
364,2.1207358837127686,12.0,1.0,1.0,0.0,0.0,517.0,0.0,616.0
365,2.1207358837127686,13.0,1.0,1.0,0.0,0.0,512.0,0.0,619.0
366,2.1207358837127686,14.0,1.0,1.0,0.0,0.0,511.0,0.0,618.0
367,2.1207358837127686,15.0,1.0,1.0,0.0,0.0,502.0,0.0,619.0
368,2.1207358837127686,0.0,1.0,1.0,0.0,0.0,497.0,0.0,622.0
369,2.1207358837127686,1.0,1.0,1.0,0.0,0.0,493.0,0.0,621.0
370,2.1207358837127686,2.0,1.0,1.0,0.0,0.0,490.0,0.0,618.0
371,2.1207358837127686,3.0,1.0,1.0,0.0,0.0,491.0,0.0,617.0
372,2.1207358837127686,4.0,1.0,1.0,0.0,0.0,494.0,0.0,614.0
373,2.1207358837127686,5.0,1.0,1.0,0.0,0.0,496.0,0.0,615.0
374,2.1207358837127686,6.0,1.0,1.0,0.0,0.0,496.0,0.0,617.0
375,2.1207358837127686,7.0,1.0,1.0,0.0,0.0,500.0,0.0,618.0
376,2.1207358837127686,8.0,1.0,1.0,0.0,0.0,501.0,0.0,618.0
377,2.1207358837127686,9.0,1.0,1.0,0.0,0.0,505.0,0.0,617.0
378,2.1207358837127686,10.0,1.0,1.0,0.0,0.0,507.0,0.0,616.0
379,2.1207358837127686,11.0,1.0,1.0,0.0,0.0,509.0,0.0,614.0
380,2.1207358837127686,12.0,1.0,1.0,0.0,0.0,510.0,0.0,612.0
381,2.1207358837127686,13.0,1.0,1.0,0.0,0.0,513.0,0.0,615.0
382,2.1207358837127686,14.0,1.0,1.0,0.0,0.0,516.0,0.0,616.0
383,2.1207358837127686,15.0,1.0,1.0,0.0,0.0,518.0,0.0,614.0
384,2.1207358837127686,0.0,1.0,1.0,0.0,0.0,517.0,0.0,618.0
385,2.1207358837127686,1.0,1.0,1.0,0.0,0.0,513.0,0.0,614.0
386,2.1207358837127686,2.0,1.0,1.0,0.0,0.0,511.0,0.0,614.0
387,2.1207358837127686,3.0,1.0,1.0,0.0,0.0,504.0,0.0,614.0
388,2.1207358837127686,4.0,1.0,1.0,0.0,0.0,500.0,0.0,608.0
389,2.1207358837127686,5.0,1.0,1.0,0.0,0.0,496.0,0.0,610.0
390,2.1207358837127686,6.0,1.0,1.0,0.0,0.0,493.0,0.0,611.0
391,2.1207358837127686,7.0,1.0,1.0,0.0,0.0,495.0,0.0,614.0
392,2.1207358837127686,8.0,1.0,1.0,0.0,0.0,494.0,0.0,612.0
393,2.1207358837127686,9.0,1.0,1.0,0.0,0.0,494.0,0.0,613.0
394,2.1207358837127686,10.0,1.0,1.0,0.0,0.0,498.0,0.0,611.0
395,2.1207358837127686,11.0,1.0,1.0,0.0,0.0,500.0,0.0,611.0
396,2.1207358837127686,12.0,1.0,1.0,0.0,0.0,501.0,0.0,605.0
397,2.1207358837127686,13.0,1.0,1.0,0.0,0.0,505.0,0.0,606.0
398,2.1207358837127686,14.0,1.0,1.0,0.0,0.0,508.0,0.0,610.0
399,2.1207358837127686,15.0,1.0,1.0,0.0,0.0,509.0,0.0,609.0
400,2.667444944381714,0.0,1.0,1.0,0.0,0.0,510.0,0.0,612.0
401,2.667444944381714,1.0,1.0,1.0,0.0,0.0,513.0,0.0,611.0
402,2.667444944381714,2.0,1.0,1.0,0.0,0.0,516.0,0.0,608.0
403,2.667444944381714,3.0,1.0,1.0,0.0,0.0,519.0,0.0,607.0
404,2.667444944381714,4.0,1.0,1.0,0.0,0.0,516.0,0.0,603.0
405,2.667444944381714,5.0,1.0,1.0,0.0,0.0,512.0,0.0,606.0
406,2.667444944381714,6.0,1.0,1.0,0.0,0.0,510.0,0.0,606.0
407,2.667444944381714,7.0,1.0,1.0,0.0,0.0,507.0,0.0,601.0
408,2.667444944381714,8.0,1.0,1.0,0.0,0.0,502.0,0.0,610.0
409,2.667444944381714,9.0,1.0,1.0,0.0,0.0,498.0,0.0,606.0
410,2.667444944381714,10.0,1.0,1.0,0.0,0.0,495.0,0.0,605.0
411,2.667444944381714,11.0,1.0,1.0,0.0,0.0,494.0,0.0,606.0
412,2.667444944381714,12.0,1.0,1.0,0.0,0.0,495.0,0.0,600.0
413,2.667444944381714,13.0,1.0,1.0,0.0,0.0,494.0,0.0,603.0
414,2.667444944381714,14.0,1.0,1.0,0.0,0.0,494.0,0.0,604.0
415,2.667444944381714,15.0,1.0,1.0,0.0,0.0,498.0,0.0,604.0
416,2.667444944381714,0.0,1.0,1.0,0.0,0.0,501.0,0.0,608.0
417,2.667444944381714,1.0,1.0,1.0,0.0,0.0,504.0,0.0,607.0
418,2.667444944381714,2.0,1.0,1.0,0.0,0.0,507.0,0.0,605.0
419,2.667444944381714,3.0,1.0,1.0,0.0,0.0,509.0,0.0,608.0
420,2.667444944381714,4.0,1.0,1.0,0.0,0.0,512.0,0.0,603.0
421,2.667444944381714,5.0,1.0,1.0,0.0,0.0,518.0,0.0,609.0
422,2.667444944381714,6.0,1.0,1.0,0.0,0.0,522.0,0.0,610.0
423,2.667444944381714,7.0,1.0,1.0,0.0,0.0,525.0,0.0,610.0
424,2.667444944381714,8.0,1.0,1.0,0.0,0.0,520.0,0.0,615.0
425,2.667444944381714,9.0,1.0,1.0,0.0,0.0,518.0,0.0,612.0
426,2.667444944381714,10.0,1.0,1.0,0.0,0.0,514.0,0.0,613.0
427,2.667444944381714,11.0,1.0,1.0,0.0,0.0,508.0,0.0,614.0
428,2.667444944381714,12.0,1.0,1.0,0.0,0.0,503.0,0.0,611.0
429,2.667444944381714,13.0,1.0,1.0,0.0,0.0,497.0,0.0,617.0
430,2.667444944381714,14.0,1.0,1.0,0.0,0.0,493.0,0.0,618.0
431,2.667444944381714,15.0,1.0,1.0,0.0,0.0,492.0,0.0,619.0
432,2.667444944381714,0.0,1.0,1.0,0.0,0.0,494.0,0.0,622.0
433,2.667444944381714,1.0,1.0,1.0,0.0,0.0,496.0,0.0,619.0
434,2.667444944381714,2.0,1.0,1.0,0.0,0.0,498.0,0.0,622.0
435,2.667444944381714,3.0,1.0,1.0,0.0,0.0,501.0,0.0,622.0
436,2.667444944381714,4.0,1.0,1.0,0.0,0.0,504.0,0.0,614.0
437,2.667444944381714,5.0,1.0,1.0,0.0,0.0,507.0,0.0,620.0
438,2.667444944381714,6.0,1.0,1.0,0.0,0.0,510.0,0.0,627.0
439,2.667444944381714,7.0,1.0,1.0,0.0,0.0,511.0,0.0,620.0
440,2.667444944381714,8.0,1.0,1.0,0.0,0.0,513.0,0.0,625.0
441,2.667444944381714,9.0,1.0,1.0,0.0,0.0,518.0,0.0,626.0
442,2.667444944381714,10.0,1.0,1.0,0.0,0.0,524.0,0.0,622.0
443,2.667444944381714,11.0,1.0,1.0,0.0,0.0,526.0,0.0,623.0
444,2.667444944381714,12.0,1.0,1.0,0.0,0.0,522.0,0.0,618.0
445,2.667444944381714,13.0,1.0,1.0,0.0,0.0,519.0,0.0,622.0
446,2.667444944381714,14.0,1.0,1.0,0.0,0.0,513.0,0.0,623.0
447,2.667444944381714,15.0,1.0,1.0,0.0,0.0,506.0,0.0,622.0
448,2.667444944381714,0.0,1.0,1.0,0.0,0.0,503.0,0.0,624.0
449,2.667444944381714,1.0,1.0,1.0,0.0,0.0,498.0,0.0,622.0
450,2.667444944381714,2.0,1.0,1.0,0.0,0.0,494.0,0.0,621.0
451,2.667444944381714,3.0,1.0,1.0,0.0,0.0,496.0,0.0,620.0
452,2.667444944381714,4.0,1.0,1.0,0.0,0.0,496.0,0.0,615.0
453,2.667444944381714,5.0,1.0,1.0,0.0,0.0,498.0,0.0,618.0
454,2.667444944381714,6.0,1.0,1.0,0.0,0.0,499.0,0.0,618.0
455,2.667444944381714,7.0,1.0,1.0,0.0,0.0,504.0,0.0,618.0
456,2.667444944381714,8.0,1.0,1.0,0.0,0.0,504.0,0.0,621.0
457,2.667444944381714,9.0,1.0,1.0,0.0,0.0,508.0,0.0,617.0
458,2.667444944381714,10.0,1.0,1.0,0.0,0.0,509.0,0.0,615.0
459,2.667444944381714,11.0,1.0,1.0,0.0,0.0,511.0,0.0,616.0
460,2.667444944381714,12.0,1.0,1.0,0.0,0.0,515.0,0.0,612.0
461,2.667444944381714,13.0,1.0,1.0,0.0,0.0,519.0,0.0,615.0
462,2.667444944381714,14.0,1.0,1.0,0.0,0.0,522.0,0.0,615.0
463,2.667444944381714,15.0,1.0,1.0,0.0,0.0,524.0,0.0,614.0
464,2.667444944381714,0.0,1.0,1.0,0.0,0.0,521.0,0.0,616.0
465,2.667444944381714,1.0,1.0,1.0,0.0,0.0,516.0,0.0,613.0
466,2.667444944381714,2.0,1.0,1.0,0.0,0.0,514.0,0.0,613.0
467,2.667444944381714,3.0,1.0,1.0,0.0,0.0,507.0,0.0,612.0
468,2.667444944381714,4.0,1.0,1.0,0.0,0.0,503.0,0.0,607.0
469,2.667444944381714,5.0,1.0,1.0,0.0,0.0,499.0,0.0,611.0
470,2.667444944381714,6.0,1.0,1.0,0.0,0.0,496.0,0.0,611.0
471,2.667444944381714,7.0,1.0,1.0,0.0,0.0,497.0,0.0,611.0
472,2.667444944381714,8.0,1.0,1.0,0.0,0.0,497.0,0.0,613.0
473,2.667444944381714,9.0,1.0,1.0,0.0,0.0,497.0,0.0,609.0
474,2.667444944381714,10.0,1.0,1.0,0.0,0.0,497.0,0.0,610.0
475,2.667444944381714,11.0,1.0,1.0,0.0,0.0,499.0,0.0,610.0
476,2.667444944381714,12.0,1.0,1.0,0.0,0.0,501.0,0.0,606.0
477,2.667444944381714,13.0,1.0,1.0,0.0,0.0,505.0,0.0,610.0
478,2.667444944381714,14.0,1.0,1.0,0.0,0.0,509.0,0.0,610.0
479,2.667444944381714,15.0,1.0,1.0,0.0,0.0,511.0,0.0,610.0
480,2.667444944381714,0.0,1.0,1.0,0.0,0.0,512.0,0.0,613.0
481,2.667444944381714,1.0,1.0,1.0,0.0,0.0,515.0,0.0,611.0
482,2.667444944381714,2.0,1.0,1.0,0.0,0.0,519.0,0.0,611.0
483,2.667444944381714,3.0,1.0,1.0,0.0,0.0,522.0,0.0,612.0
484,2.667444944381714,4.0,1.0,1.0,0.0,0.0,521.0,0.0,609.0
485,2.667444944381714,5.0,1.0,1.0,0.0,0.0,517.0,0.0,612.0
486,2.667444944381714,6.0,1.0,1.0,0.0,0.0,513.0,0.0,612.0
487,2.667444944381714,7.0,1.0,1.0,0.0,0.0,504.0,0.0,610.0
488,2.667444944381714,8.0,1.0,1.0,0.0,0.0,499.0,0.0,614.0
489,2.667444944381714,9.0,1.0,1.0,0.0,0.0,496.0,0.0,612.0
490,2.667444944381714,10.0,1.0,1.0,0.0,0.0,495.0,0.0,612.0
491,2.667444944381714,11.0,1.0,1.0,0.0,0.0,496.0,0.0,612.0
492,2.667444944381714,12.0,1.0,1.0,0.0,0.0,496.0,0.0,608.0
493,2.667444944381714,13.0,1.0,1.0,0.0,0.0,496.0,0.0,612.0
494,2.667444944381714,14.0,1.0,1.0,0.0,0.0,495.0,0.0,612.0
495,2.667444944381714,15.0,1.0,1.0,0.0,0.0,497.0,0.0,612.0
496,2.667444944381714,0.0,1.0,1.0,0.0,0.0,500.0,0.0,615.0
497,2.667444944381714,1.0,1.0,1.0,0.0,0.0,503.0,0.0,611.0
498,2.667444944381714,2.0,1.0,1.0,0.0,0.0,508.0,0.0,611.0
499,2.667444944381714,3.0,1.0,1.0,0.0,0.0,511.0,0.0,610.0
500,3.0965731143951416,4.0,1.0,1.0,0.0,0.0,513.0,0.0,606.0
501,3.0965731143951416,5.0,1.0,1.0,0.0,0.0,517.0,0.0,609.0
502,3.0965731143951416,6.0,1.0,1.0,0.0,0.0,520.0,0.0,608.0
503,3.0965731143951416,7.0,1.0,1.0,0.0,0.0,521.0,0.0,608.0
504,3.0965731143951416,8.0,1.0,1.0,0.0,0.0,519.0,0.0,611.0
505,3.0965731143951416,9.0,1.0,1.0,0.0,0.0,515.0,0.0,607.0
506,3.0965731143951416,10.0,1.0,1.0,0.0,0.0,513.0,0.0,607.0
507,3.0965731143951416,11.0,1.0,1.0,0.0,0.0,508.0,0.0,606.0
508,3.0965731143951416,12.0,1.0,1.0,0.0,0.0,502.0,0.0,601.0
509,3.0965731143951416,13.0,1.0,1.0,0.0,0.0,499.0,0.0,606.0
510,3.0965731143951416,14.0,1.0,1.0,0.0,0.0,495.0,0.0,605.0
511,3.0965731143951416,15.0,1.0,1.0,0.0,0.0,496.0,0.0,606.0
512,3.0965731143951416,0.0,1.0,1.0,0.0,0.0,496.0,0.0,608.0
513,3.0965731143951416,1.0,1.0,1.0,0.0,0.0,497.0,0.0,605.0
514,3.0965731143951416,2.0,1.0,1.0,0.0,0.0,499.0,0.0,606.0
515,3.0965731143951416,3.0,1.0,1.0,0.0,0.0,500.0,0.0,606.0
516,3.0965731143951416,4.0,1.0,1.0,0.0,0.0,503.0,0.0,600.0
517,3.0965731143951416,5.0,1.0,1.0,0.0,0.0,505.0,0.0,603.0
518,3.0965731143951416,6.0,1.0,1.0,0.0,0.0,507.0,0.0,609.0
519,3.0965731143951416,7.0,1.0,1.0,0.0,0.0,510.0,0.0,606.0
520,3.0965731143951416,8.0,1.0,1.0,0.0,0.0,512.0,0.0,610.0
521,3.0965731143951416,9.0,1.0,1.0,0.0,0.0,518.0,0.0,609.0
522,3.0965731143951416,10.0,1.0,1.0,0.0,0.0,523.0,0.0,608.0
523,3.0965731143951416,11.0,1.0,1.0,0.0,0.0,524.0,0.0,609.0
524,3.0965731143951416,12.0,1.0,1.0,0.0,0.0,520.0,0.0,604.0
525,3.0965731143951416,13.0,1.0,1.0,0.0,0.0,515.0,0.0,608.0
526,3.0965731143951416,14.0,1.0,1.0,0.0,0.0,515.0,0.0,608.0
527,3.0965731143951416,15.0,1.0,1.0,0.0,0.0,508.0,0.0,606.0
528,3.0965731143951416,0.0,1.0,1.0,0.0,0.0,502.0,0.0,609.0
529,3.0965731143951416,1.0,1.0,1.0,0.0,0.0,498.0,0.0,609.0
530,3.0965731143951416,2.0,1.0,1.0,0.0,0.0,496.0,0.0,610.0
531,3.0965731143951416,3.0,1.0,1.0,0.0,0.0,497.0,0.0,610.0
532,3.0965731143951416,4.0,1.0,1.0,0.0,0.0,496.0,0.0,606.0
533,3.0965731143951416,5.0,1.0,1.0,0.0,0.0,495.0,0.0,609.0
534,3.0965731143951416,6.0,1.0,1.0,0.0,0.0,495.0,0.0,610.0
535,3.0965731143951416,7.0,1.0,1.0,0.0,0.0,498.0,0.0,612.0
536,3.0965731143951416,8.0,1.0,1.0,0.0,0.0,502.0,0.0,613.0
537,3.0965731143951416,9.0,1.0,1.0,0.0,0.0,508.0,0.0,611.0
538,3.0965731143951416,10.0,1.0,1.0,0.0,0.0,511.0,0.0,611.0
539,3.0965731143951416,11.0,1.0,1.0,0.0,0.0,511.0,0.0,614.0
540,3.0965731143951416,12.0,1.0,1.0,0.0,0.0,512.0,0.0,607.0
541,3.0965731143951416,13.0,1.0,1.0,0.0,0.0,517.0,0.0,611.0
542,3.0965731143951416,14.0,1.0,1.0,0.0,0.0,521.0,0.0,611.0
543,3.0965731143951416,15.0,1.0,1.0,0.0,0.0,524.0,0.0,610.0
544,3.0965731143951416,0.0,1.0,1.0,0.0,0.0,523.0,0.0,614.0
545,3.0965731143951416,1.0,1.0,1.0,0.0,0.0,516.0,0.0,610.0
546,3.0965731143951416,2.0,1.0,1.0,0.0,0.0,512.0,0.0,610.0
547,3.0965731143951416,3.0,1.0,1.0,0.0,0.0,507.0,0.0,609.0
548,3.0965731143951416,4.0,1.0,1.0,0.0,0.0,499.0,0.0,605.0
549,3.0965731143951416,5.0,1.0,1.0,0.0,0.0,496.0,0.0,609.0
550,3.0965731143951416,6.0,1.0,1.0,0.0,0.0,493.0,0.0,610.0
551,3.0965731143951416,7.0,1.0,1.0,0.0,0.0,493.0,0.0,610.0
552,3.0965731143951416,8.0,1.0,1.0,0.0,0.0,494.0,0.0,612.0
553,3.0965731143951416,9.0,1.0,1.0,0.0,0.0,494.0,0.0,609.0
554,3.0965731143951416,10.0,1.0,1.0,0.0,0.0,496.0,0.0,609.0
555,3.0965731143951416,11.0,1.0,1.0,0.0,0.0,499.0,0.0,609.0
556,3.0965731143951416,12.0,1.0,1.0,0.0,0.0,503.0,0.0,606.0
557,3.0965731143951416,13.0,1.0,1.0,0.0,0.0,507.0,0.0,609.0
558,3.0965731143951416,14.0,1.0,1.0,0.0,0.0,510.0,0.0,609.0
559,3.0965731143951416,15.0,1.0,1.0,0.0,0.0,512.0,0.0,609.0
560,3.0965731143951416,0.0,1.0,1.0,0.0,0.0,515.0,0.0,611.0
561,3.0965731143951416,1.0,1.0,1.0,0.0,0.0,520.0,0.0,608.0
562,3.0965731143951416,2.0,1.0,1.0,0.0,0.0,523.0,0.0,607.0
563,3.0965731143951416,3.0,1.0,1.0,0.0,0.0,525.0,0.0,606.0
564,3.0965731143951416,4.0,1.0,1.0,0.0,0.0,524.0,0.0,601.0
565,3.0965731143951416,5.0,1.0,1.0,0.0,0.0,519.0,0.0,606.0
566,3.0965731143951416,6.0,1.0,1.0,0.0,0.0,515.0,0.0,604.0
567,3.0965731143951416,7.0,1.0,1.0,0.0,0.0,508.0,0.0,603.0
568,3.0965731143951416,8.0,1.0,1.0,0.0,0.0,500.0,0.0,605.0
569,3.0965731143951416,9.0,1.0,1.0,0.0,0.0,496.0,0.0,601.0
570,3.0965731143951416,10.0,1.0,1.0,0.0,0.0,491.0,0.0,602.0
571,3.0965731143951416,11.0,1.0,1.0,0.0,0.0,492.0,0.0,600.0
572,3.0965731143951416,12.0,1.0,1.0,0.0,0.0,494.0,0.0,596.0
573,3.0965731143951416,13.0,1.0,1.0,0.0,0.0,494.0,0.0,600.0
574,3.0965731143951416,14.0,1.0,1.0,0.0,0.0,496.0,0.0,600.0
575,3.0965731143951416,15.0,1.0,1.0,0.0,0.0,499.0,0.0,599.0
576,3.0965731143951416,0.0,1.0,1.0,0.0,0.0,500.0,0.0,602.0
577,3.0965731143951416,1.0,1.0,1.0,0.0,0.0,504.0,0.0,600.0
578,3.0965731143951416,2.0,1.0,1.0,0.0,0.0,508.0,0.0,599.0
579,3.0965731143951416,3.0,1.0,1.0,0.0,0.0,510.0,0.0,598.0
580,3.0965731143951416,4.0,1.0,1.0,0.0,0.0,513.0,0.0,594.0
581,3.0965731143951416,5.0,1.0,1.0,0.0,0.0,517.0,0.0,599.0
582,3.0965731143951416,6.0,1.0,1.0,0.0,0.0,522.0,0.0,599.0
583,3.0965731143951416,7.0,1.0,1.0,0.0,0.0,526.0,0.0,599.0
584,3.0965731143951416,8.0,1.0,1.0,0.0,0.0,524.0,0.0,604.0
585,3.0965731143951416,9.0,1.0,1.0,0.0,0.0,519.0,0.0,601.0
586,3.0965731143951416,10.0,1.0,1.0,0.0,0.0,515.0,0.0,601.0
587,3.0965731143951416,11.0,1.0,1.0,0.0,0.0,508.0,0.0,602.0
588,3.0965731143951416,12.0,1.0,1.0,0.0,0.0,504.0,0.0,599.0
589,3.0965731143951416,13.0,1.0,1.0,0.0,0.0,500.0,0.0,603.0
590,3.0965731143951416,14.0,1.0,1.0,0.0,0.0,494.0,0.0,603.0
591,3.0965731143951416,15.0,1.0,1.0,0.0,0.0,494.0,0.0,604.0
592,3.0965731143951416,0.0,1.0,1.0,0.0,0.0,495.0,0.0,607.0
593,3.0965731143951416,1.0,1.0,1.0,0.0,0.0,496.0,0.0,604.0
594,3.0965731143951416,2.0,1.0,1.0,0.0,0.0,496.0,0.0,605.0
595,3.0965731143951416,3.0,1.0,1.0,0.0,0.0,502.0,0.0,604.0
596,3.0965731143951416,4.0,1.0,1.0,0.0,0.0,504.0,0.0,600.0
597,3.0965731143951416,5.0,1.0,1.0,0.0,0.0,507.0,0.0,604.0
598,3.0965731143951416,6.0,1.0,1.0,0.0,0.0,509.0,0.0,605.0
599,3.0965731143951416,7.0,1.0,1.0,0.0,0.0,512.0,0.0,605.0
600,3.6595540046691895,8.0,1.0,1.0,0.0,0.0,514.0,0.0,607.0
601,3.6595540046691895,9.0,1.0,1.0,0.0,0.0,517.0,0.0,605.0
602,3.6595540046691895,10.0,1.0,1.0,0.0,0.0,522.0,0.0,604.0
603,3.6595540046691895,11.0,1.0,1.0,0.0,0.0,526.0,0.0,606.0
604,3.6595540046691895,12.0,1.0,1.0,0.0,0.0,524.0,0.0,600.0
605,3.6595540046691895,13.0,1.0,1.0,0.0,0.0,519.0,0.0,604.0
606,3.6595540046691895,14.0,1.0,1.0,0.0,0.0,517.0,0.0,605.0
607,3.6595540046691895,15.0,1.0,1.0,0.0,0.0,509.0,0.0,604.0
608,3.6595540046691895,0.0,1.0,1.0,0.0,0.0,502.0,0.0,606.0
609,3.6595540046691895,1.0,1.0,1.0,0.0,0.0,497.0,0.0,605.0
610,3.6595540046691895,2.0,1.0,1.0,0.0,0.0,492.0,0.0,604.0
611,3.6595540046691895,3.0,1.0,1.0,0.0,0.0,493.0,0.0,604.0
612,3.6595540046691895,4.0,1.0,1.0,0.0,0.0,492.0,0.0,600.0
613,3.6595540046691895,5.0,1.0,1.0,0.0,0.0,493.0,0.0,603.0
614,3.6595540046691895,6.0,1.0,1.0,0.0,0.0,495.0,0.0,604.0
615,3.6595540046691895,7.0,1.0,1.0,0.0,0.0,498.0,0.0,601.0
616,3.6595540046691895,8.0,1.0,1.0,0.0,0.0,500.0,0.0,608.0
617,3.6595540046691895,9.0,1.0,1.0,0.0,0.0,503.0,0.0,603.0
618,3.6595540046691895,10.0,1.0,1.0,0.0,0.0,507.0,0.0,603.0
619,3.6595540046691895,11.0,1.0,1.0,0.0,0.0,509.0,0.0,604.0
620,3.6595540046691895,12.0,1.0,1.0,0.0,0.0,513.0,0.0,600.0
621,3.6595540046691895,13.0,1.0,1.0,0.0,0.0,518.0,0.0,605.0
622,3.6595540046691895,14.0,1.0,1.0,0.0,0.0,521.0,0.0,606.0
623,3.6595540046691895,15.0,1.0,1.0,0.0,0.0,523.0,0.0,605.0
624,3.6595540046691895,0.0,1.0,1.0,0.0,0.0,523.0,0.0,608.0
625,3.6595540046691895,1.0,1.0,1.0,0.0,0.0,520.0,0.0,604.0
626,3.6595540046691895,2.0,1.0,1.0,0.0,0.0,516.0,0.0,604.0
627,3.6595540046691895,3.0,1.0,1.0,0.0,0.0,508.0,0.0,604.0
628,3.6595540046691895,4.0,1.0,1.0,0.0,0.0,503.0,0.0,599.0
629,3.6595540046691895,5.0,1.0,1.0,0.0,0.0,499.0,0.0,604.0
630,3.6595540046691895,6.0,1.0,1.0,0.0,0.0,495.0,0.0,602.0
631,3.6595540046691895,7.0,1.0,1.0,0.0,0.0,495.0,0.0,600.0
632,3.6595540046691895,8.0,1.0,1.0,0.0,0.0,496.0,0.0,605.0
633,3.6595540046691895,9.0,1.0,1.0,0.0,0.0,496.0,0.0,602.0
634,3.6595540046691895,10.0,1.0,1.0,0.0,0.0,497.0,0.0,603.0
635,3.6595540046691895,11.0,1.0,1.0,0.0,0.0,500.0,0.0,603.0
636,3.6595540046691895,12.0,1.0,1.0,0.0,0.0,504.0,0.0,598.0
637,3.6595540046691895,13.0,1.0,1.0,0.0,0.0,506.0,0.0,601.0
638,3.6595540046691895,14.0,1.0,1.0,0.0,0.0,509.0,0.0,602.0
639,3.6595540046691895,15.0,1.0,1.0,0.0,0.0,512.0,0.0,603.0
640,3.6595540046691895,0.0,1.0,1.0,0.0,0.0,515.0,0.0,604.0
641,3.6595540046691895,1.0,1.0,1.0,0.0,0.0,521.0,0.0,603.0
642,3.6595540046691895,2.0,1.0,1.0,0.0,0.0,524.0,0.0,601.0
643,3.6595540046691895,3.0,1.0,1.0,0.0,0.0,526.0,0.0,602.0
644,3.6595540046691895,4.0,1.0,1.0,0.0,0.0,523.0,0.0,598.0
645,3.6595540046691895,5.0,1.0,1.0,0.0,0.0,519.0,0.0,601.0
646,3.6595540046691895,6.0,1.0,1.0,0.0,0.0,515.0,0.0,601.0
647,3.6595540046691895,7.0,1.0,1.0,0.0,0.0,510.0,0.0,601.0
648,3.6595540046691895,8.0,1.0,1.0,0.0,0.0,506.0,0.0,604.0
649,3.6595540046691895,9.0,1.0,1.0,0.0,0.0,503.0,0.0,602.0
650,3.6595540046691895,10.0,1.0,1.0,0.0,0.0,498.0,0.0,601.0
651,3.6595540046691895,11.0,1.0,1.0,0.0,0.0,498.0,0.0,602.0
652,3.6595540046691895,12.0,1.0,1.0,0.0,0.0,497.0,0.0,597.0
653,3.6595540046691895,13.0,1.0,1.0,0.0,0.0,499.0,0.0,601.0
654,3.6595540046691895,14.0,1.0,1.0,0.0,0.0,498.0,0.0,602.0
655,3.6595540046691895,15.0,1.0,1.0,0.0,0.0,500.0,0.0,602.0
656,3.6595540046691895,0.0,1.0,1.0,0.0,0.0,503.0,0.0,605.0
657,3.6595540046691895,1.0,1.0,1.0,0.0,0.0,504.0,0.0,602.0
658,3.6595540046691895,2.0,1.0,1.0,0.0,0.0,507.0,0.0,601.0
659,3.6595540046691895,3.0,1.0,1.0,0.0,0.0,509.0,0.0,604.0
660,3.6595540046691895,4.0,1.0,1.0,0.0,0.0,511.0,0.0,599.0
661,3.6595540046691895,5.0,1.0,1.0,0.0,0.0,515.0,0.0,604.0
662,3.6595540046691895,6.0,1.0,1.0,0.0,0.0,519.0,0.0,605.0
663,3.6595540046691895,7.0,1.0,1.0,0.0,0.0,523.0,0.0,605.0
664,3.6595540046691895,8.0,1.0,1.0,0.0,0.0,520.0,0.0,608.0
665,3.6595540046691895,9.0,1.0,1.0,0.0,0.0,516.0,0.0,606.0
666,3.6595540046691895,10.0,1.0,1.0,0.0,0.0,513.0,0.0,607.0
667,3.6595540046691895,11.0,1.0,1.0,0.0,0.0,506.0,0.0,608.0
668,3.6595540046691895,12.0,1.0,1.0,0.0,0.0,500.0,0.0,605.0
669,3.6595540046691895,13.0,1.0,1.0,0.0,0.0,496.0,0.0,610.0
670,3.6595540046691895,14.0,1.0,1.0,0.0,0.0,492.0,0.0,611.0
671,3.6595540046691895,15.0,1.0,1.0,0.0,0.0,491.0,0.0,611.0
672,3.6595540046691895,0.0,1.0,1.0,0.0,0.0,492.0,0.0,615.0
673,3.6595540046691895,1.0,1.0,1.0,0.0,0.0,493.0,0.0,611.0
674,3.6595540046691895,2.0,1.0,1.0,0.0,0.0,493.0,0.0,614.0
675,3.6595540046691895,3.0,1.0,1.0,0.0,0.0,496.0,0.0,614.0
676,3.6595540046691895,4.0,1.0,1.0,0.0,0.0,499.0,0.0,612.0
677,3.6595540046691895,5.0,1.0,1.0,0.0,0.0,504.0,0.0,617.0
678,3.6595540046691895,6.0,1.0,1.0,0.0,0.0,508.0,0.0,616.0
679,3.6595540046691895,7.0,1.0,1.0,0.0,0.0,510.0,0.0,618.0
680,3.6595540046691895,8.0,1.0,1.0,0.0,0.0,511.0,0.0,621.0
681,3.6595540046691895,9.0,1.0,1.0,0.0,0.0,515.0,0.0,619.0
682,3.6595540046691895,10.0,1.0,1.0,0.0,0.0,519.0,0.0,619.0
683,3.6595540046691895,11.0,1.0,1.0,0.0,0.0,524.0,0.0,620.0
684,3.6595540046691895,12.0,1.0,1.0,0.0,0.0,523.0,0.0,616.0
685,3.6595540046691895,13.0,1.0,1.0,0.0,0.0,519.0,0.0,620.0
686,3.6595540046691895,14.0,1.0,1.0,0.0,0.0,517.0,0.0,621.0
687,3.6595540046691895,15.0,1.0,1.0,0.0,0.0,510.0,0.0,621.0
688,3.6595540046691895,0.0,1.0,1.0,0.0,0.0,504.0,0.0,624.0
689,3.6595540046691895,1.0,1.0,1.0,0.0,0.0,499.0,0.0,623.0
690,3.6595540046691895,2.0,1.0,1.0,0.0,0.0,495.0,0.0,622.0
691,3.6595540046691895,3.0,1.0,1.0,0.0,0.0,494.0,0.0,622.0
692,3.6595540046691895,4.0,1.0,1.0,0.0,0.0,494.0,0.0,617.0
693,3.6595540046691895,5.0,1.0,1.0,0.0,0.0,496.0,0.0,622.0
694,3.6595540046691895,6.0,1.0,1.0,0.0,0.0,496.0,0.0,622.0
695,3.6595540046691895,7.0,1.0,1.0,0.0,0.0,499.0,0.0,622.0
696,3.6595540046691895,8.0,1.0,1.0,0.0,0.0,502.0,0.0,625.0
697,3.6595540046691895,9.0,1.0,1.0,0.0,0.0,506.0,0.0,622.0
698,3.6595540046691895,10.0,1.0,1.0,0.0,0.0,509.0,0.0,621.0
699,3.6595540046691895,11.0,1.0,1.0,0.0,0.0,512.0,0.0,621.0
700,4.174568176269531,12.0,1.0,1.0,0.0,0.0,515.0,0.0,616.0
701,4.174568176269531,13.0,1.0,1.0,0.0,0.0,521.0,0.0,620.0
702,4.174568176269531,14.0,1.0,1.0,0.0,0.0,522.0,0.0,620.0
703,4.174568176269531,15.0,1.0,1.0,0.0,0.0,525.0,0.0,619.0
704,4.174568176269531,0.0,1.0,1.0,0.0,0.0,523.0,0.0,622.0
705,4.174568176269531,1.0,1.0,1.0,0.0,0.0,520.0,0.0,618.0
706,4.174568176269531,2.0,1.0,1.0,0.0,0.0,516.0,0.0,618.0
707,4.174568176269531,3.0,1.0,1.0,0.0,0.0,511.0,0.0,619.0
708,4.174568176269531,4.0,1.0,1.0,0.0,0.0,507.0,0.0,611.0
709,4.174568176269531,5.0,1.0,1.0,0.0,0.0,502.0,0.0,615.0
710,4.174568176269531,6.0,1.0,1.0,0.0,0.0,498.0,0.0,614.0
711,4.174568176269531,7.0,1.0,1.0,0.0,0.0,496.0,0.0,614.0
712,4.174568176269531,8.0,1.0,1.0,0.0,0.0,495.0,0.0,615.0
713,4.174568176269531,9.0,1.0,1.0,0.0,0.0,496.0,0.0,612.0
714,4.174568176269531,10.0,1.0,1.0,0.0,0.0,499.0,0.0,612.0
715,4.174568176269531,11.0,1.0,1.0,0.0,0.0,500.0,0.0,611.0
716,4.174568176269531,12.0,1.0,1.0,0.0,0.0,502.0,0.0,607.0
717,4.174568176269531,13.0,1.0,1.0,0.0,0.0,504.0,0.0,610.0
718,4.174568176269531,14.0,1.0,1.0,0.0,0.0,507.0,0.0,609.0
719,4.174568176269531,15.0,1.0,1.0,0.0,0.0,510.0,0.0,608.0
720,4.174568176269531,0.0,1.0,1.0,0.0,0.0,513.0,0.0,613.0
721,4.174568176269531,1.0,1.0,1.0,0.0,0.0,520.0,0.0,611.0
722,4.174568176269531,2.0,1.0,1.0,0.0,0.0,522.0,0.0,611.0
723,4.174568176269531,3.0,1.0,1.0,0.0,0.0,526.0,0.0,614.0
724,4.174568176269531,4.0,1.0,1.0,0.0,0.0,524.0,0.0,609.0
725,4.174568176269531,5.0,1.0,1.0,0.0,0.0,519.0,0.0,612.0
726,4.174568176269531,6.0,1.0,1.0,0.0,0.0,516.0,0.0,614.0
727,4.174568176269531,7.0,1.0,1.0,0.0,0.0,511.0,0.0,614.0
728,4.174568176269531,8.0,1.0,1.0,0.0,0.0,507.0,0.0,617.0
729,4.174568176269531,9.0,1.0,1.0,0.0,0.0,501.0,0.0,617.0
730,4.174568176269531,10.0,1.0,1.0,0.0,0.0,496.0,0.0,617.0
731,4.174568176269531,11.0,1.0,1.0,0.0,0.0,493.0,0.0,619.0
732,4.174568176269531,12.0,1.0,1.0,0.0,0.0,495.0,0.0,615.0
733,4.174568176269531,13.0,1.0,1.0,0.0,0.0,496.0,0.0,621.0
734,4.174568176269531,14.0,1.0,1.0,0.0,0.0,496.0,0.0,623.0
735,4.174568176269531,15.0,1.0,1.0,0.0,0.0,500.0,0.0,623.0
736,4.174568176269531,0.0,1.0,1.0,0.0,0.0,502.0,0.0,627.0
737,4.174568176269531,1.0,1.0,1.0,0.0,0.0,506.0,0.0,625.0
738,4.174568176269531,2.0,1.0,1.0,0.0,0.0,509.0,0.0,625.0
739,4.174568176269531,3.0,1.0,1.0,0.0,0.0,509.0,0.0,628.0
740,4.174568176269531,4.0,1.0,1.0,0.0,0.0,512.0,0.0,624.0
741,4.174568176269531,5.0,1.0,1.0,0.0,0.0,516.0,0.0,629.0
742,4.174568176269531,6.0,1.0,1.0,0.0,0.0,520.0,0.0,630.0
743,4.174568176269531,7.0,1.0,1.0,0.0,0.0,524.0,0.0,631.0
744,4.174568176269531,8.0,1.0,1.0,0.0,0.0,523.0,0.0,634.0
745,4.174568176269531,9.0,1.0,1.0,0.0,0.0,518.0,0.0,632.0
746,4.174568176269531,10.0,1.0,1.0,0.0,0.0,514.0,0.0,632.0
747,4.174568176269531,11.0,1.0,1.0,0.0,0.0,507.0,0.0,632.0
748,4.174568176269531,12.0,1.0,1.0,0.0,0.0,502.0,0.0,627.0
749,4.174568176269531,13.0,1.0,1.0,0.0,0.0,497.0,0.0,632.0
750,4.174568176269531,14.0,1.0,1.0,0.0,0.0,494.0,0.0,632.0
751,4.174568176269531,15.0,1.0,1.0,0.0,0.0,493.0,0.0,633.0
752,4.174568176269531,0.0,1.0,1.0,0.0,0.0,493.0,0.0,635.0
753,4.174568176269531,1.0,1.0,1.0,0.0,0.0,496.0,0.0,631.0
754,4.174568176269531,2.0,1.0,1.0,0.0,0.0,497.0,0.0,632.0
755,4.174568176269531,3.0,1.0,1.0,0.0,0.0,500.0,0.0,632.0
756,4.174568176269531,4.0,1.0,1.0,0.0,0.0,504.0,0.0,627.0
757,4.174568176269531,5.0,1.0,1.0,0.0,0.0,508.0,0.0,630.0
758,4.174568176269531,6.0,1.0,1.0,0.0,0.0,511.0,0.0,628.0
759,4.174568176269531,7.0,1.0,1.0,0.0,0.0,513.0,0.0,627.0
760,4.174568176269531,8.0,1.0,1.0,0.0,0.0,516.0,0.0,631.0
761,4.174568176269531,9.0,1.0,1.0,0.0,0.0,520.0,0.0,628.0
762,4.174568176269531,10.0,1.0,1.0,0.0,0.0,524.0,0.0,627.0
763,4.174568176269531,11.0,1.0,1.0,0.0,0.0,527.0,0.0,626.0
764,4.174568176269531,12.0,1.0,1.0,0.0,0.0,524.0,0.0,622.0
765,4.174568176269531,13.0,1.0,1.0,0.0,0.0,518.0,0.0,626.0
766,4.174568176269531,14.0,1.0,1.0,0.0,0.0,516.0,0.0,625.0
767,4.174568176269531,15.0,1.0,1.0,0.0,0.0,509.0,0.0,624.0
768,4.174568176269531,0.0,1.0,1.0,0.0,0.0,504.0,0.0,625.0
769,4.174568176269531,1.0,1.0,1.0,0.0,0.0,500.0,0.0,623.0
770,4.174568176269531,2.0,1.0,1.0,0.0,0.0,496.0,0.0,622.0
771,4.174568176269531,3.0,1.0,1.0,0.0,0.0,494.0,0.0,623.0
772,4.174568176269531,4.0,1.0,1.0,0.0,0.0,495.0,0.0,615.0
773,4.174568176269531,5.0,1.0,1.0,0.0,0.0,494.0,0.0,619.0
774,4.174568176269531,6.0,1.0,1.0,0.0,0.0,495.0,0.0,619.0
775,4.174568176269531,7.0,1.0,1.0,0.0,0.0,498.0,0.0,618.0
776,4.174568176269531,8.0,1.0,1.0,0.0,0.0,501.0,0.0,620.0
777,4.174568176269531,9.0,1.0,1.0,0.0,0.0,504.0,0.0,616.0
778,4.174568176269531,10.0,1.0,1.0,0.0,0.0,506.0,0.0,614.0
779,4.174568176269531,11.0,1.0,1.0,0.0,0.0,508.0,0.0,615.0
780,4.174568176269531,12.0,1.0,1.0,0.0,0.0,511.0,0.0,611.0
781,4.174568176269531,13.0,1.0,1.0,0.0,0.0,516.0,0.0,614.0
782,4.174568176269531,14.0,1.0,1.0,0.0,0.0,521.0,0.0,614.0
783,4.174568176269531,15.0,1.0,1.0,0.0,0.0,522.0,0.0,613.0
784,4.174568176269531,0.0,1.0,1.0,0.0,0.0,520.0,0.0,615.0
785,4.174568176269531,1.0,1.0,1.0,0.0,0.0,517.0,0.0,612.0
786,4.174568176269531,2.0,1.0,1.0,0.0,0.0,513.0,0.0,612.0
787,4.174568176269531,3.0,1.0,1.0,0.0,0.0,506.0,0.0,611.0
788,4.174568176269531,4.0,1.0,1.0,0.0,0.0,498.0,0.0,607.0
789,4.174568176269531,5.0,1.0,1.0,0.0,0.0,494.0,0.0,611.0
790,4.174568176269531,6.0,1.0,1.0,0.0,0.0,491.0,0.0,610.0
791,4.174568176269531,7.0,1.0,1.0,0.0,0.0,489.0,0.0,610.0
792,4.174568176269531,8.0,1.0,1.0,0.0,0.0,489.0,0.0,612.0
793,4.174568176269531,9.0,1.0,1.0,0.0,0.0,492.0,0.0,609.0
794,4.174568176269531,10.0,1.0,1.0,0.0,0.0,491.0,0.0,610.0
795,4.174568176269531,11.0,1.0,1.0,0.0,0.0,494.0,0.0,609.0
796,4.174568176269531,12.0,1.0,1.0,0.0,0.0,498.0,0.0,604.0
797,4.174568176269531,13.0,1.0,1.0,0.0,0.0,499.0,0.0,607.0
798,4.174568176269531,14.0,1.0,1.0,0.0,0.0,501.0,0.0,606.0
799,4.174568176269531,15.0,1.0,1.0,0.0,0.0,504.0,0.0,607.0
800,4.626467943191528,0.0,1.0,1.0,0.0,0.0,507.0,0.0,608.0
801,4.626467943191528,1.0,1.0,1.0,0.0,0.0,513.0,0.0,606.0
802,4.626467943191528,2.0,1.0,1.0,0.0,0.0,516.0,0.0,606.0
803,4.626467943191528,3.0,1.0,1.0,0.0,0.0,521.0,0.0,606.0
804,4.626467943191528,4.0,1.0,1.0,0.0,0.0,519.0,0.0,602.0
805,4.626467943191528,5.0,1.0,1.0,0.0,0.0,517.0,0.0,606.0
806,4.626467943191528,6.0,1.0,1.0,0.0,0.0,514.0,0.0,606.0
807,4.626467943191528,7.0,1.0,1.0,0.0,0.0,507.0,0.0,606.0
808,4.626467943191528,8.0,1.0,1.0,0.0,0.0,503.0,0.0,609.0
809,4.626467943191528,9.0,1.0,1.0,0.0,0.0,496.0,0.0,608.0
810,4.626467943191528,10.0,1.0,1.0,0.0,0.0,492.0,0.0,608.0
811,4.626467943191528,11.0,1.0,1.0,0.0,0.0,489.0,0.0,609.0
812,4.626467943191528,12.0,1.0,1.0,0.0,0.0,490.0,0.0,606.0
813,4.626467943191528,13.0,1.0,1.0,0.0,0.0,492.0,0.0,610.0
814,4.626467943191528,14.0,1.0,1.0,0.0,0.0,491.0,0.0,612.0
815,4.626467943191528,15.0,1.0,1.0,0.0,0.0,496.0,0.0,614.0
816,4.626467943191528,0.0,1.0,1.0,0.0,0.0,501.0,0.0,618.0
817,4.626467943191528,1.0,1.0,1.0,0.0,0.0,504.0,0.0,616.0
818,4.626467943191528,2.0,1.0,1.0,0.0,0.0,508.0,0.0,616.0
819,4.626467943191528,3.0,1.0,1.0,0.0,0.0,510.0,0.0,619.0
820,4.626467943191528,4.0,1.0,1.0,0.0,0.0,514.0,0.0,616.0
821,4.626467943191528,5.0,1.0,1.0,0.0,0.0,519.0,0.0,622.0
822,4.626467943191528,6.0,1.0,1.0,0.0,0.0,523.0,0.0,623.0
823,4.626467943191528,7.0,1.0,1.0,0.0,0.0,526.0,0.0,622.0
824,4.626467943191528,8.0,1.0,1.0,0.0,0.0,524.0,0.0,628.0
825,4.626467943191528,9.0,1.0,1.0,0.0,0.0,520.0,0.0,625.0
826,4.626467943191528,10.0,1.0,1.0,0.0,0.0,516.0,0.0,627.0
827,4.626467943191528,11.0,1.0,1.0,0.0,0.0,510.0,0.0,627.0
828,4.626467943191528,12.0,1.0,1.0,0.0,0.0,502.0,0.0,623.0
829,4.626467943191528,13.0,1.0,1.0,0.0,0.0,495.0,0.0,629.0
830,4.626467943191528,14.0,1.0,1.0,0.0,0.0,493.0,0.0,630.0
831,4.626467943191528,15.0,1.0,1.0,0.0,0.0,492.0,0.0,630.0
832,4.626467943191528,0.0,1.0,1.0,0.0,0.0,494.0,0.0,633.0
833,4.626467943191528,1.0,1.0,1.0,0.0,0.0,495.0,0.0,631.0
834,4.626467943191528,2.0,1.0,1.0,0.0,0.0,494.0,0.0,633.0
835,4.626467943191528,3.0,1.0,1.0,0.0,0.0,496.0,0.0,633.0
836,4.626467943191528,4.0,1.0,1.0,0.0,0.0,502.0,0.0,629.0
837,4.626467943191528,5.0,1.0,1.0,0.0,0.0,505.0,0.0,632.0
838,4.626467943191528,6.0,1.0,1.0,0.0,0.0,507.0,0.0,632.0
839,4.626467943191528,7.0,1.0,1.0,0.0,0.0,509.0,0.0,631.0
840,4.626467943191528,8.0,1.0,1.0,0.0,0.0,511.0,0.0,635.0
841,4.626467943191528,9.0,1.0,1.0,0.0,0.0,518.0,0.0,631.0
842,4.626467943191528,10.0,1.0,1.0,0.0,0.0,521.0,0.0,630.0
843,4.626467943191528,11.0,1.0,1.0,0.0,0.0,524.0,0.0,630.0
844,4.626467943191528,12.0,1.0,1.0,0.0,0.0,523.0,0.0,625.0
845,4.626467943191528,13.0,1.0,1.0,0.0,0.0,519.0,0.0,628.0
846,4.626467943191528,14.0,1.0,1.0,0.0,0.0,516.0,0.0,627.0
847,4.626467943191528,15.0,1.0,1.0,0.0,0.0,511.0,0.0,625.0
848,4.626467943191528,0.0,1.0,1.0,0.0,0.0,502.0,0.0,628.0
849,4.626467943191528,1.0,1.0,1.0,0.0,0.0,497.0,0.0,623.0
850,4.626467943191528,2.0,1.0,1.0,0.0,0.0,494.0,0.0,621.0
851,4.626467943191528,3.0,1.0,1.0,0.0,0.0,491.0,0.0,620.0
852,4.626467943191528,4.0,1.0,1.0,0.0,0.0,493.0,0.0,614.0
853,4.626467943191528,5.0,1.0,1.0,0.0,0.0,495.0,0.0,617.0
854,4.626467943191528,6.0,1.0,1.0,0.0,0.0,496.0,0.0,616.0
855,4.626467943191528,7.0,1.0,1.0,0.0,0.0,497.0,0.0,615.0
856,4.626467943191528,8.0,1.0,1.0,0.0,0.0,500.0,0.0,618.0
857,4.626467943191528,9.0,1.0,1.0,0.0,0.0,503.0,0.0,614.0
858,4.626467943191528,10.0,1.0,1.0,0.0,0.0,507.0,0.0,614.0
859,4.626467943191528,11.0,1.0,1.0,0.0,0.0,509.0,0.0,613.0
860,4.626467943191528,12.0,1.0,1.0,0.0,0.0,512.0,0.0,608.0
861,4.626467943191528,13.0,1.0,1.0,0.0,0.0,518.0,0.0,613.0
862,4.626467943191528,14.0,1.0,1.0,0.0,0.0,521.0,0.0,611.0
863,4.626467943191528,15.0,1.0,1.0,0.0,0.0,524.0,0.0,611.0
864,4.626467943191528,0.0,1.0,1.0,0.0,0.0,521.0,0.0,613.0
865,4.626467943191528,1.0,1.0,1.0,0.0,0.0,518.0,0.0,609.0
866,4.626467943191528,2.0,1.0,1.0,0.0,0.0,517.0,0.0,609.0
867,4.626467943191528,3.0,1.0,1.0,0.0,0.0,511.0,0.0,608.0
868,4.626467943191528,4.0,1.0,1.0,0.0,0.0,505.0,0.0,604.0
869,4.626467943191528,5.0,1.0,1.0,0.0,0.0,500.0,0.0,608.0
870,4.626467943191528,6.0,1.0,1.0,0.0,0.0,494.0,0.0,607.0
871,4.626467943191528,7.0,1.0,1.0,0.0,0.0,494.0,0.0,607.0
872,4.626467943191528,8.0,1.0,1.0,0.0,0.0,494.0,0.0,609.0
873,4.626467943191528,9.0,1.0,1.0,0.0,0.0,491.0,0.0,606.0
874,4.626467943191528,10.0,1.0,1.0,0.0,0.0,493.0,0.0,606.0
875,4.626467943191528,11.0,1.0,1.0,0.0,0.0,495.0,0.0,608.0
876,4.626467943191528,12.0,1.0,1.0,0.0,0.0,499.0,0.0,600.0
877,4.626467943191528,13.0,1.0,1.0,0.0,0.0,502.0,0.0,604.0
878,4.626467943191528,14.0,1.0,1.0,0.0,0.0,506.0,0.0,604.0
879,4.626467943191528,15.0,1.0,1.0,0.0,0.0,509.0,0.0,602.0
880,4.626467943191528,0.0,1.0,1.0,0.0,0.0,509.0,0.0,604.0
881,4.626467943191528,1.0,1.0,1.0,0.0,0.0,513.0,0.0,601.0
882,4.626467943191528,2.0,1.0,1.0,0.0,0.0,517.0,0.0,601.0
883,4.626467943191528,3.0,1.0,1.0,0.0,0.0,522.0,0.0,601.0
884,4.626467943191528,4.0,1.0,1.0,0.0,0.0,521.0,0.0,596.0
885,4.626467943191528,5.0,1.0,1.0,0.0,0.0,516.0,0.0,600.0
886,4.626467943191528,6.0,1.0,1.0,0.0,0.0,514.0,0.0,601.0
887,4.626467943191528,7.0,1.0,1.0,0.0,0.0,508.0,0.0,602.0
888,4.626467943191528,8.0,1.0,1.0,0.0,0.0,503.0,0.0,600.0
889,4.626467943191528,9.0,1.0,1.0,0.0,0.0,500.0,0.0,597.0
890,4.626467943191528,10.0,1.0,1.0,0.0,0.0,498.0,0.0,601.0
891,4.626467943191528,11.0,1.0,1.0,0.0,0.0,495.0,0.0,600.0
892,4.626467943191528,12.0,1.0,1.0,0.0,0.0,496.0,0.0,594.0
893,4.626467943191528,13.0,1.0,1.0,0.0,0.0,496.0,0.0,602.0
894,4.626467943191528,14.0,1.0,1.0,0.0,0.0,495.0,0.0,602.0
895,4.626467943191528,15.0,1.0,1.0,0.0,0.0,499.0,0.0,600.0
896,4.626467943191528,0.0,1.0,1.0,0.0,0.0,503.0,0.0,606.0
897,4.626467943191528,1.0,1.0,1.0,0.0,0.0,505.0,0.0,600.0
898,4.626467943191528,2.0,1.0,1.0,0.0,0.0,508.0,0.0,600.0
899,4.626467943191528,3.0,1.0,1.0,0.0,0.0,510.0,0.0,602.0
900,4.787481069564819,4.0,1.0,1.0,0.0,0.0,512.0,0.0,598.0
901,4.787481069564819,5.0,1.0,1.0,0.0,0.0,519.0,0.0,603.0
902,4.787481069564819,6.0,1.0,1.0,0.0,0.0,523.0,0.0,602.0
903,4.787481069564819,7.0,1.0,1.0,0.0,0.0,527.0,0.0,601.0
904,4.787481069564819,8.0,1.0,1.0,0.0,0.0,524.0,0.0,606.0
905,4.787481069564819,9.0,1.0,1.0,0.0,0.0,520.0,0.0,603.0
906,4.787481069564819,10.0,1.0,1.0,0.0,0.0,516.0,0.0,603.0
907,4.787481069564819,11.0,1.0,1.0,0.0,0.0,511.0,0.0,603.0
908,4.787481069564819,12.0,1.0,1.0,0.0,0.0,503.0,0.0,598.0
909,4.787481069564819,13.0,1.0,1.0,0.0,0.0,499.0,0.0,603.0
910,4.787481069564819,14.0,1.0,1.0,0.0,0.0,492.0,0.0,602.0
911,4.787481069564819,15.0,1.0,1.0,0.0,0.0,490.0,0.0,603.0
912,4.787481069564819,0.0,1.0,1.0,0.0,0.0,489.0,0.0,605.0
913,4.787481069564819,1.0,1.0,1.0,0.0,0.0,492.0,0.0,602.0
914,4.787481069564819,2.0,1.0,1.0,0.0,0.0,491.0,0.0,604.0
915,4.787481069564819,3.0,1.0,1.0,0.0,0.0,494.0,0.0,604.0
916,4.787481069564819,4.0,1.0,1.0,0.0,0.0,499.0,0.0,600.0
917,4.787481069564819,5.0,1.0,1.0,0.0,0.0,504.0,0.0,605.0
918,4.787481069564819,6.0,1.0,1.0,0.0,0.0,508.0,0.0,605.0
919,4.787481069564819,7.0,1.0,1.0,0.0,0.0,511.0,0.0,607.0
920,4.787481069564819,8.0,1.0,1.0,0.0,0.0,512.0,0.0,609.0
921,4.787481069564819,9.0,1.0,1.0,0.0,0.0,519.0,0.0,608.0
922,4.787481069564819,10.0,1.0,1.0,0.0,0.0,521.0,0.0,609.0
923,4.787481069564819,11.0,1.0,1.0,0.0,0.0,523.0,0.0,610.0
924,4.787481069564819,12.0,1.0,1.0,0.0,0.0,524.0,0.0,607.0
925,4.787481069564819,13.0,1.0,1.0,0.0,0.0,518.0,0.0,611.0
926,4.787481069564819,14.0,1.0,1.0,0.0,0.0,515.0,0.0,611.0
927,4.787481069564819,15.0,1.0,1.0,0.0,0.0,510.0,0.0,608.0
928,4.787481069564819,0.0,1.0,1.0,0.0,0.0,502.0,0.0,614.0
929,4.787481069564819,1.0,1.0,1.0,0.0,0.0,496.0,0.0,612.0
930,4.787481069564819,2.0,1.0,1.0,0.0,0.0,493.0,0.0,612.0
931,4.787481069564819,3.0,1.0,1.0,0.0,0.0,492.0,0.0,613.0
932,4.787481069564819,4.0,1.0,1.0,0.0,0.0,493.0,0.0,608.0
933,4.787481069564819,5.0,1.0,1.0,0.0,0.0,495.0,0.0,612.0
934,4.787481069564819,6.0,1.0,1.0,0.0,0.0,492.0,0.0,615.0
935,4.787481069564819,7.0,1.0,1.0,0.0,0.0,495.0,0.0,614.0
936,4.787481069564819,8.0,1.0,1.0,0.0,0.0,498.0,0.0,618.0
937,4.787481069564819,9.0,1.0,1.0,0.0,0.0,501.0,0.0,615.0
938,4.787481069564819,10.0,1.0,1.0,0.0,0.0,505.0,0.0,614.0
939,4.787481069564819,11.0,1.0,1.0,0.0,0.0,506.0,0.0,616.0
940,4.787481069564819,12.0,1.0,1.0,0.0,0.0,508.0,0.0,612.0
941,4.787481069564819,13.0,1.0,1.0,0.0,0.0,512.0,0.0,617.0
942,4.787481069564819,14.0,1.0,1.0,0.0,0.0,518.0,0.0,618.0
943,4.787481069564819,15.0,1.0,1.0,0.0,0.0,523.0,0.0,620.0
944,4.787481069564819,0.0,1.0,1.0,0.0,0.0,523.0,0.0,627.0
945,4.787481069564819,1.0,1.0,1.0,0.0,0.0,520.0,0.0,629.0
946,4.787481069564819,2.0,1.0,1.0,0.0,0.0,517.0,0.0,629.0
947,4.787481069564819,3.0,1.0,1.0,0.0,0.0,512.0,0.0,627.0
948,4.787481069564819,4.0,1.0,1.0,0.0,0.0,507.0,0.0,621.0
949,4.787481069564819,5.0,1.0,1.0,0.0,0.0,501.0,0.0,628.0
950,4.787481069564819,6.0,1.0,1.0,0.0,0.0,494.0,0.0,625.0
951,4.787481069564819,7.0,1.0,1.0,0.0,0.0,493.0,0.0,625.0
952,4.787481069564819,8.0,1.0,1.0,0.0,0.0,494.0,0.0,627.0
953,4.787481069564819,9.0,1.0,1.0,0.0,0.0,496.0,0.0,625.0
954,4.787481069564819,10.0,1.0,1.0,0.0,0.0,495.0,0.0,626.0
955,4.787481069564819,11.0,1.0,1.0,0.0,0.0,498.0,0.0,625.0
956,4.787481069564819,12.0,1.0,1.0,0.0,0.0,500.0,0.0,618.0
957,4.787481069564819,13.0,1.0,1.0,0.0,0.0,502.0,0.0,623.0
958,4.787481069564819,14.0,1.0,1.0,0.0,0.0,506.0,0.0,618.0
959,4.787481069564819,15.0,1.0,1.0,0.0,0.0,510.0,0.0,616.0
960,4.787481069564819,0.0,1.0,1.0,0.0,0.0,510.0,0.0,619.0
961,4.787481069564819,1.0,1.0,1.0,0.0,0.0,516.0,0.0,614.0
962,4.787481069564819,2.0,1.0,1.0,0.0,0.0,522.0,0.0,615.0
963,4.787481069564819,3.0,1.0,1.0,0.0,0.0,526.0,0.0,609.0
964,4.787481069564819,4.0,1.0,1.0,0.0,0.0,524.0,0.0,608.0
965,4.787481069564819,5.0,1.0,1.0,0.0,0.0,519.0,0.0,611.0
966,4.787481069564819,6.0,1.0,1.0,0.0,0.0,516.0,0.0,609.0
967,4.787481069564819,7.0,1.0,1.0,0.0,0.0,512.0,0.0,605.0
968,4.787481069564819,8.0,1.0,1.0,0.0,0.0,503.0,0.0,611.0
969,4.787481069564819,9.0,1.0,1.0,0.0,0.0,499.0,0.0,613.0
970,4.787481069564819,10.0,1.0,1.0,0.0,0.0,496.0,0.0,620.0
971,4.787481069564819,11.0,1.0,1.0,0.0,0.0,493.0,0.0,631.0
972,4.787481069564819,12.0,1.0,1.0,0.0,0.0,493.0,0.0,637.0
973,4.787481069564819,13.0,1.0,1.0,0.0,0.0,495.0,0.0,640.0
974,4.787481069564819,14.0,1.0,1.0,0.0,0.0,494.0,0.0,646.0
975,4.787481069564819,15.0,1.0,1.0,0.0,0.0,494.0,0.0,650.0
976,4.787481069564819,0.0,1.0,1.0,0.0,0.0,498.0,0.0,655.0
977,4.787481069564819,1.0,1.0,1.0,0.0,0.0,500.0,0.0,653.0
978,4.787481069564819,2.0,1.0,1.0,0.0,0.0,505.0,0.0,652.0
979,4.787481069564819,3.0,1.0,1.0,0.0,0.0,511.0,0.0,652.0
980,4.787481069564819,4.0,1.0,1.0,0.0,0.0,511.0,0.0,642.0
981,4.787481069564819,5.0,1.0,1.0,0.0,0.0,516.0,0.0,639.0
982,4.787481069564819,6.0,1.0,1.0,0.0,0.0,522.0,0.0,629.0
983,4.787481069564819,7.0,1.0,1.0,0.0,0.0,527.0,0.0,623.0
984,4.787481069564819,8.0,1.0,1.0,0.0,0.0,527.0,0.0,620.0
985,4.787481069564819,9.0,1.0,1.0,0.0,0.0,522.0,0.0,611.0
986,4.787481069564819,10.0,1.0,1.0,0.0,0.0,517.0,0.0,607.0
987,4.787481069564819,11.0,1.0,1.0,0.0,0.0,511.0,0.0,597.0
988,4.787481069564819,12.0,1.0,1.0,0.0,0.0,504.0,0.0,583.0
989,4.787481069564819,13.0,1.0,1.0,0.0,0.0,498.0,0.0,581.0
990,4.787481069564819,14.0,1.0,1.0,0.0,0.0,496.0,0.0,571.0
991,4.787481069564819,15.0,1.0,1.0,0.0,0.0,492.0,0.0,575.0
992,4.787481069564819,0.0,1.0,1.0,0.0,0.0,491.0,0.0,587.0
993,4.787481069564819,1.0,1.0,1.0,0.0,0.0,492.0,0.0,593.0
994,4.787481069564819,2.0,1.0,1.0,0.0,0.0,494.0,0.0,605.0
995,4.787481069564819,3.0,1.0,1.0,0.0,0.0,497.0,0.0,609.0
996,4.787481069564819,4.0,1.0,1.0,0.0,0.0,503.0,0.0,606.0
997,4.787481069564819,5.0,1.0,1.0,0.0,0.0,506.0,0.0,607.0
998,4.787481069564819,6.0,1.0,1.0,0.0,0.0,511.0,0.0,600.0
999,4.787481069564819,7.0,1.0,1.0,0.0,0.0,511.0,0.0,595.0
